0,51.5092869600406,-0.161032665998173,0,-0
0.5,51.5092869151578,-0.161032662643467,-0.0169782515002888,0.000791881315316514
1,51.5092874987159,-0.161032687502835,0.232632578594966,-0.00642239263058877
1.5,51.5092892512918,-0.161032658890826,0.500119916902149,0.0112495644535265
2,51.5092918577376,-0.161032664063325,0.63587985316787,-0.00909566793820597
2.5,51.5092953629325,-0.161032666028178,0.880825834504616,0.00590316242603574
3,51.5092999916612,-0.161032612083056,1.13437294398515,0.00860157653955296
3.5,51.5093052042136,-0.161032507944534,1.17773822915862,0.0185608769503401
4,51.5093111755523,-0.161032696537396,1.43441547685368,-0.0575101024515304
4.5,51.5093168330449,-0.161033001037332,1.13602000438293,-0.0316203612904339
5,51.5093223156482,-0.16103305705871,1.27873988265636,0.00891036725218837
5.5,51.5093282475573,-0.161033024180784,1.3487989639152,0.00152359961446254
6,51.5093344026852,-0.161033122475149,1.38419656936587,-0.0242689677402271
6.5,51.5093404645951,-0.16103303910954,1.32415583477288,0.0366667802419052
7,51.5093461235443,-0.161032875685859,1.21375275102261,0.0129095087434317
7.5,51.5093520545719,-0.161032819261507,1.39395650610779,0.00428234312369893
8,51.5093579384491,-0.161032897002053,1.24997785909271,-0.0213483363882069
8.5,51.5093639095717,-0.161033322693709,1.38376599809332,-0.0855408881296627
9,51.5093696123736,-0.161033681742861,1.18861422661693,-0.0248750957874095
9.5,51.509375565423,-0.161033238799937,1.41988383909037,0.121969434350896
10,51.5093812910792,-0.161032403001492,1.17197705152933,0.111911952616723
10.5,51.5093869478419,-0.161032024608804,1.31945081490393,0.0109813670704231
11,51.5093924736969,-0.161031797978842,1.16669954223234,0.0458091230762596
11.5,51.5093983149323,-0.161031685117598,1.3929272414808,-0.00542545447431476
12,51.5094039774016,-0.161031707362556,1.16694438652655,-0.00145311044217855
12.5,51.5094098195661,-0.161031687377512,1.39310731917471,0.00573465199198564
13,51.5094155262852,-0.161031751824285,1.18355710019997,-0.0192269314651977
13.5,51.5094213213438,-0.161032004390338,1.36365925530336,-0.0461594133765923
14,51.5094269363626,-0.161032272613725,1.1694824614433,-0.031002585065509
14.5,51.5094326419907,-0.161032284292562,1.33968180253,0.0189450184859703
15,51.5094380301908,-0.161032413216353,1.10046593792665,-0.0436939873188867
15.5,51.509443632552,-0.161033055159025,1.34892965795861,-0.120944826081807
16,51.5094494152366,-0.161033684113708,1.24321765562822,-0.0638034045481202
16.5,51.5094552094146,-0.161033909080645,1.3215637464392,-0.0084410660541476
17,51.5094610952953,-0.161034058865328,1.30141071250686,-0.0294479262862961
17.5,51.5094671581292,-0.161034411288049,1.38245551726214,-0.0625758190714386
18,51.5094729963646,-0.161034753279551,1.24076323813191,-0.0369239953810833
18.5,51.5094790166961,-0.161034967103532,1.40883099375306,-0.0246263312600347
19,51.5094846330101,-0.161035147639663,1.13835220449398,-0.025377097425007
19.5,51.5094906958457,-0.161035055412486,1.49659712549134,0.0395341779205167
20,51.5094964448591,-0.161034767821378,1.12711333607153,0.0402119001509015
20.5,51.5095019720398,-0.161034722477647,1.3018373057596,-0.0174449524292171
21,51.5095075887224,-0.161034861353367,1.21338722640376,-0.0205701119333417
21.5,51.5095133334785,-0.161034654120565,1.32374982202367,0.0633163226519287
22,51.5095188986455,-0.161034457694819,1.17856118489917,0.00204481027828466
22.5,51.5095242883626,-0.161034743088446,1.21382424394771,-0.0687984359628641
23,51.5095299022154,-0.161034792408901,1.27392593715796,0.0365168299424483
23.5,51.5095353830825,-0.161034567565419,1.18154902330298,0.0275124336622132
24,51.5095410863713,-0.161034699407562,1.33035033311535,-0.05037998512255
24.5,51.5095467902771,-0.161034921720372,1.22642283403851,-0.017210847807435
25,51.5095526318325,-0.161034815055989,1.35124206887614,0.0372256692415354
25.5,51.5095585631561,-0.161034751401929,1.29782600341792,-0.0110324605938627
26,51.509564360348,-0.161034804895887,1.28447803998605,-0.00490449711518855
26.5,51.5095700605931,-0.161035143266093,1.25714868573754,-0.0764389440974579
27,51.5095758052617,-0.161035553471955,1.29308372166265,-0.0433215843862367
27.5,51.5095815964728,-0.161035348787701,1.28553522907758,0.078640697015126
28,51.5095874778018,-0.161035103492283,1.32490890781453,0.00285333205500037
28.5,51.5095932748391,-0.161035109006609,1.26546154576824,-0.00329898523410959
29,51.5095990642137,-0.161035407860341,1.30417605067803,-0.0682349167722708
29.5,51.5096048957298,-0.161035958345363,1.29301716667899,-0.0821771313529909
30,51.5096107311719,-0.161036408658275,1.30231348851028,-0.0487720168586723
30.5,51.5096166587703,-0.161036744767234,1.3306668878651,-0.0451978333249893
31,51.5096224544549,-0.16103670298261,1.26091926030842,0.041501708361416
31.5,51.5096281157709,-0.161036611680924,1.25891381728048,-0.00749951282603012
32,51.5096338184847,-0.161036386036321,1.27597750325227,0.0585128631623643
32.5,51.5096393859567,-0.161036225394283,1.21287379483806,-0.00303960128440272
33,51.5096438730866,-0.161036572756888,0.8483756081653,-0.0798668893354882
33.5,51.5096475518956,-0.161036894999016,0.797753485217635,-0.0201581170254781
34,51.5096499328682,-0.161036924821453,0.342244602281332,0.00707112516303636
34.5,51.5096510349072,-0.16103666261757,0.177307084242406,0.0569431780498699
35,51.509652190469,-0.161035898466289,0.313009863697128,0.140516920747066
35.5,51.50965308161,-0.161034829720357,0.117993057099605,0.153914558414368
36,51.5096538852372,-0.161033123366549,0.221400198629495,0.295042903383318
36.5,51.5096543128342,-0.16103132322058,0.00677085097339147,0.218392602520159
37,51.509654486789,-0.161029048152496,0.0610638631870875,0.38415269626814
37.5,51.5096543465596,-0.161027280564514,-0.095790538139572,0.148330467557099
38,51.5096538949385,-0.161025408846163,-0.103785422880118,0.3379859001506
38.5,51.5096533164853,-0.161023960656035,-0.146166927488034,0.105253692240189
39,51.5096525401034,-0.161022786362391,-0.191372171264099,0.2035132530003
39.5,51.5096514548489,-0.161021994952579,-0.276568544399724,0.0443522201257499
40,51.5096504804622,-0.161021792392616,-0.174992096024092,0.0167675242982628
40.5,51.5096491324181,-0.161021758638939,-0.387442373931935,-0.00376974476776898
41,51.5096467060489,-0.161021688974806,-0.646634990415817,0.019082972170856
41.5,51.5096433457705,-0.161021920671518,-0.818478473274448,-0.0680498680684096
42,51.5096389123703,-0.161022481235781,-1.10412751523792,-0.084685764187185
42.5,51.5096334841683,-0.161022400545412,-1.2804858475879,0.0783269234928223
43,51.5096274720299,-0.161021860309991,-1.37792595153527,0.0726932531269605
43.5,51.5096216349945,-0.16102184253384,-1.24348006648349,-0.0466892316268755
44,51.5096157058972,-0.161021936653587,-1.37241730023249,0.0104655722541431
44.5,51.5096097304151,-0.161021959866736,-1.29970761377505,-0.0128053463394854
45,51.5096039816119,-0.161021879186236,-1.26485647764834,0.0280083139899499
45.5,51.5095984568502,-0.161021761517153,-1.20450211735683,0.00816988213628745
46,51.5095925264589,-0.161021981977819,-1.40019131107947,-0.0577585050057456
46.5,51.509586775891,-0.161022035198211,-1.19518547004694,0.0278683149990355
47,51.5095811634555,-0.161021693406439,-1.28643696980587,0.0611719109602792
47.5,51.5095756866513,-0.161021300715857,-1.17125442197814,0.0498740366103727
48,51.509570205776,-0.161021080964824,-1.25342222539694,0.0169602788050042
48.5,51.5095642779227,-0.16102123571966,-1.36498716592715,-0.0484019896068432
49,51.5095583963726,-0.161021642484776,-1.26937615883702,-0.0621353032435344
49.5,51.509552654864,-0.161021441937704,-1.28332910829738,0.090833751219545
50,51.5095468268219,-0.161021346062951,-1.30629586592913,-0.0409524340716284
50.5,51.5095410384441,-0.161021376817175,-1.27521497069705,0.021407182312781
51,51.509535299498,-0.16102076211618,-1.27827257483574,0.130114898602889
51.5,51.5095295568177,-0.161020437215666,-1.27754487095202,-0.0143877818535677
52,51.5095241243217,-0.16102075181207,-1.16071799550805,-0.0641889272700526
52.5,51.5095184714329,-0.161020781725142,-1.32586680923669,0.0378712777620619
53,51.5095126799654,-0.16102067571176,-1.26268403363107,-0.00148546533291065
53.5,51.509507250758,-0.161021131652989,-1.16987660835099,-0.106584986817347
54,51.5095013735576,-0.161021657070813,-1.40430813276153,-0.0494152703921504
54.5,51.5094957589029,-0.161021937756169,-1.14089054865396,-0.0316650349869059
55,51.5094900129561,-0.161021758755116,-1.37494788638819,0.0644186939971252
55.5,51.5094840421043,-0.161021383147441,-1.29618461391775,0.0435690564409202
56,51.509478472639,-0.161021112270354,-1.19948277632619,0.0334421688963271
56.5,51.5094725459868,-0.16102070422562,-1.40229038789388,0.0729094119742308
57,51.5094667066455,-0.161020430989773,-1.22729719674231,0.0134607217591726
57.5,51.5094606409296,-0.161020457742243,-1.43542516913155,-0.0157374255860931
58,51.5094546864023,-0.161019989594174,-1.24767530824377,0.121522559092239
58.5,51.5094489609356,-0.161019137965049,-1.29245134560652,0.115961306043593
59,51.5094430799,-0.161018865803323,-1.31995657132488,-0.0169291171090505
59.5,51.5094371080938,-0.161018615024907,-1.33503955654173,0.0710466550284828
60,51.5094313163031,-0.161018425291564,-1.25638535302252,-0.0049460761566874
60.5,51.5094253397836,-0.16101848176278,-1.38132230812202,-0.00986778698768427
61,51.5094193222596,-0.161018189764139,-1.30937762325972,0.0758337892957884
61.5,51.5094135747866,-0.161018039228338,-1.25758423044986,-0.0175496416743352
62,51.5094077782364,-0.16101817487065,-1.31240450783469,-0.0197336541514621
62.5,51.5094019364794,-0.161018132765433,-1.29113107208467,0.0237525066623753
63,51.5093961090747,-0.161018519638425,-1.30059329644891,-0.107948249359902
63.5,51.5093901922705,-0.161019092239825,-1.32778772992964,-0.0595989881730482
64,51.5093843539351,-0.161019412356524,-1.27906850661512,-0.0338443778762095
64.5,51.5093788322033,-0.161019822615064,-1.19340743802148,-0.0731506328838055
65,51.5093730830055,-0.161020086651745,-1.3394158177621,-0.0111205323835337
65.5,51.5093672411512,-0.161020089172233,-1.27225994997602,0.00718941030301101
66,51.5093615340685,-0.161019988771296,-1.26828781227673,0.0186671045236432
66.5,51.5093557372154,-0.16101987359832,-1.30502652791986,0.0141196688266844
67,51.5093499853414,-0.161019753321953,-1.26229481320805,0.0185075358372527
67.5,51.5093444633006,-0.161019423079484,-1.20526591010975,0.0649986545395035
68,51.5093385377648,-0.161019233430125,-1.39781984159543,-0.000732209457760064
68.5,51.5093328760956,-0.161019371780238,-1.1632168862321,-0.0321450873031731
69,51.5093270382596,-0.161019153417756,-1.39407914496765,0.0740461733949696
69.5,51.5093214253149,-0.161018988563451,-1.14740389731487,-0.0129183458666415
70,51.5093155386544,-0.161019103306098,-1.42361754978144,-0.0180422445897831
70.5,51.5093096076913,-0.161019004901886,-1.24702669972224,0.0358579611902785
71,51.5093038605776,-0.161018630710205,-1.30109393601085,0.0632276727233387
71.5,51.5092980712403,-0.161018616511823,-1.27921915986216,-0.0409078311062641
72,51.509293266909,-0.161018692041497,-0.921924412331491,0.0108066378779417
72.5,51.5092899019705,-0.161018404647839,-0.627538601335469,0.0602748768190429
73,51.5092872099351,-0.161018179214814,-0.579063526706585,0.0110212513584093
73.5,51.5092858013098,-0.161017820754197,-0.127508927439638,0.0769000727555665
74,51.5092846242173,-0.161016971127198,-0.356013181236164,0.146725165906884
74.5,51.5092838562215,-0.161015989360846,-0.0413074679478672,0.129039217631061
75,51.5092833218319,-0.16101484896103,-0.17323317342685,0.178864957123623
75.5,51.5092828119405,-0.161012645084051,-0.0716179873838574,0.395021692638149
76,51.5092826991315,-0.161010792592056,0.00745930797838891,0.16076723425109
76.5,51.5092828450561,-0.16100894701608,0.0499787026365519,0.323112820967342
77,51.5092833008161,-0.161007086869192,0.137419350666386,0.212910383004357
77.5,51.5092838163647,-0.161006015011431,0.0988276879466013,0.103975724456787
78,51.5092847514664,-0.161004920949766,0.284549978270845,0.185471231456123
78.5,51.509285951426,-0.16100413832154,0.254734556638698,0.0549102289369412
79,51.5092871853487,-0.161003829063843,0.288452911270892,0.0345633930448857
79.5,51.5092885779787,-0.161003769525631,0.324885698961871,-0.0101403279291563
80,51.509291049145,-0.161003771911246,0.707370401005122,0.0065351030727981
80.5,51.5092945085742,-0.161003903394862,0.813470247428024,-0.0356113911696122
81,51.5092990467626,-0.161003974542611,1.14727236354675,0.00813348892319954
81.5,51.509304484497,-0.161003947442701,1.25389025823098,0.000703513112213117
82,51.5093104159835,-0.161003847911793,1.36603381645677,0.0230018879524371
82.5,51.5093161227654,-0.161003732788057,1.20253226582522,0.0110737209594628
83,51.5093219593369,-0.161004003346126,1.36608007882278,-0.0716170277182826
83.5,51.5093275708361,-0.161004377372358,1.16645642705535,-0.0381572258989934
84,51.5093332308304,-0.161004307406549,1.32453768853684,0.0432255327321506
84.5,51.5093392059044,-0.161004116019849,1.33306886908598,0.0149190756221047
85,51.5093450929539,-0.161004056430294,1.2937991846333,0.00362279630617534
85.5,51.5093508892785,-0.161004127971469,1.28696867909912,-0.0194232915439267
86,51.5093565508779,-0.161004263613068,1.24078631351728,-0.0184219669343634
86.5,51.5093622997921,-0.161004064427048,1.3061432887612,0.0599133361070187
87,51.5093681322627,-0.16100414415415,1.29200107346847,-0.060758954893267
87.5,51.5093739226681,-0.16100454678335,1.2859882349025,-0.0525095304670412
88,51.5093796724296,-0.161004472675651,1.27482250768948,0.0542498239684354
88.5,51.5093856008336,-0.161004136208874,1.3502152203154,0.0414482326572211
89,51.5093913510982,-0.161004063510946,1.23005391201433,-0.0118533916388187
89.5,51.5093971478171,-0.161004189372745,1.33173951908175,-0.0214123434665118
90,51.5094030332018,-0.161004072988402,1.29410001606885,0.042461197978518
90.5,51.5094088726942,-0.161003787084595,1.30308756607448,0.0377648284938377
91,51.5094147108497,-0.161003871666765,1.29629057645987,-0.0464010203682035
91.5,51.5094205499835,-0.16100412439131,1.30141852863733,-0.0271749642461038
92,51.5094262092727,-0.161004375562788,1.2297975149284,-0.0402665942235149
92.5,51.5094321830481,-0.161004620820309,1.39889581046653,-0.0297064554590545
93,51.509437889012,-0.161004786327889,1.17921946527594,-0.0182735630599162
93.5,51.5094439993633,-0.161004948282504,1.4859642497465,-0.0254379047986055
94,51.5094500139378,-0.161004616065,1.23501250299873,0.0962264897520991
94.5,51.5094558933367,-0.161004195855187,1.35954464810381,0.0318319891941381
95,51.5094616896184,-0.161004021081279,1.24093065500336,0.0189729858100378
95.5,51.5094673936279,-0.161004141928392,1.28905579006326,-0.0418070455806289
96,51.509473052426,-0.161004454554762,1.23826570194321,-0.0445304992302016
96.5,51.5094789386514,-0.161004521230593,1.35984973969899,0.0154325264950483
97,51.5094849095603,-0.161004171439368,1.30677491142075,0.0717654023624433
97.5,51.5094905642575,-0.161003709502151,1.22431101024056,0.0588044220161689
98,51.5094962683025,-0.161003397031539,1.30070300171089,0.0325955317694557
98.5,51.5095018836444,-0.161003145533851,1.21367408281077,0.0365491006250176
99,51.5095077679373,-0.161002853535158,1.37633283190095,0.0433418467504729
99.5,51.5095135184237,-0.161002671936783,1.21185555097754,0.0125269521248903
100,51.509519313978,-0.161002816903634,1.34403789278264,-0.0429882460841862
100.5,51.5095247499394,-0.161002915593507,1.11548378553763,0.00679606148501559
101,51.5095306818395,-0.161002874629579,1.46307485656054,0.00491227703625975
101.5,51.5095364784356,-0.161002788412321,1.16857847708089,0.0169129550287751
102,51.5095420043423,-0.161002566703521,1.27232980936233,0.0404951980334795
102.5,51.5095479763692,-0.161002675113222,1.3684617840004,-0.0539366983038095
103,51.5095538593418,-0.161002835376705,1.26748204990557,-7.44274889278446e-05
103.5,51.5095592479988,-0.161002992211973,1.15117861527845,-0.0369687841300928
104,51.509564859984,-0.161003383019605,1.31707138758829,-0.0663717779058366
104.5,51.5095702484113,-0.161003728502133,1.1163792060737,-0.0350907070168288
105,51.509575997637,-0.161003972597034,1.39334619105266,-0.0330549582660499
105.5,51.5095815235624,-0.161004156645068,1.11499948414975,-0.0203059505914816
106,51.509587408336,-0.161004418408542,1.44558695633382,-0.0475749282590905
106.5,51.5095932489217,-0.161004639944032,1.19746035325448,-0.0189908486145106
107,51.5095988648262,-0.161004663725285,1.28615679986487,0.00768004668078623
107.5,51.5096047926283,-0.161004797746988,1.34205359489311,-0.0370117544017476
108,51.5096102706822,-0.161005150809461,1.13279553002806,-0.0574318920103308
108.5,51.5096160127771,-0.161005655202921,1.37915738034409,-0.07885934127159
109,51.5096219288692,-0.161006351869072,1.27252355615397,-0.109245917897588
109.5,51.5096279887277,-0.161006718747496,1.40155105156325,-0.010129188393305
110,51.5096338758319,-0.161006755615834,1.24588248174611,-0.00161230590930942
110.5,51.5096394034458,-0.161006729804092,1.21886282177676,0.00722145182196014
111,51.5096442555403,-0.161006839139858,0.982241760401537,-0.030863618922461
111.5,51.5096476625155,-0.161007188845719,0.601218140505667,-0.0609431935992227
112,51.5096499933317,-0.161007439793588,0.460846251790761,-0.0165757606933681
112.5,51.5096516357732,-0.161007205559714,0.298708866145158,0.0668937048470274
113,51.5096526720777,-0.161006564530227,0.182916051247622,0.104488773985018
113.5,51.5096534407457,-0.161005595698658,0.162729767942408,0.155549574523706
114,51.5096540117551,-0.161004241223541,0.10209006234561,0.210837781127853
114.5,51.509654591195,-0.161001751471316,0.147726931917341,0.440117043954154
115,51.5096547410879,-0.160999986698428,-0.0467075102785368,0.108490920345039
115.5,51.5096545925701,-0.160998142206543,-0.0234858878891768,0.359446796781097
116,51.5096542055377,-0.160996543360486,-0.129966154335032,0.125793237558961
116.5,51.509653654978,-0.160995331769132,-0.11728888413236,0.197939651523151
117,51.5096527085523,-0.16099414742031,-0.275910803867249,0.141006595129304
117.5,51.5096516834572,-0.160993438079674,-0.194634430305038,0.0687345327623065
118,51.5096505405028,-0.160993169205866,-0.296111618681866,0.015353222714706
118.5,51.5096490125973,-0.160993160254761,-0.37069652535258,-0.00863435645018291
119,51.5096467667271,-0.160993059828088,-0.590078084896424,0.0297496680843995
119.5,51.5096431773702,-0.160992738386577,-0.944723896486196,0.0550511943181362
120,51.5096381954725,-0.16099237183549,-1.22324083970553,0.047988207965689
120.5,51.5096326686252,-0.160992241472314,-1.23442197901644,-0.00281963517614152
121,51.5096267815835,-0.160992175808531,-1.36284919782785,0.0174736234205112
121.5,51.5096211196508,-0.160992220842628,-1.1877960940009,-0.0228617972430822
122,51.5096156374702,-0.160992262877615,-1.24233684508729,0.00608093369403718
122.5,51.5096097055404,-0.160992260148711,-1.37428900671659,-0.00361249790944014
123,51.5096039109717,-0.160992495348223,-1.22996167178327,-0.0529899196639306
123.5,51.5095980265295,-0.160992667721249,-1.36498806494505,-0.00359558495183617
124,51.5095921889913,-0.160992902844175,-1.25272678458695,-0.0529836948762327
124.5,51.5095863966733,-0.160993239335065,-1.31420382166479,-0.0423398659055332
125,51.5095805106196,-0.160993421860222,-1.30662814177114,-0.0134470422134962
125.5,51.5095746280757,-0.160993771192425,-1.31060341809122,-0.0730467273400531
126,51.5095687900374,-0.160993939033429,-1.29098521812295,0.0115139356801679
126.5,51.5095630118304,-0.160993339416339,-1.28208500930475,0.133479535630154
127,51.5095572347368,-0.16099266435177,-1.28789396272502,0.0659129723708813
127.5,51.5095513136017,-0.160992133306519,-1.3383155909495,0.0792138964371369
128,51.5095456158779,-0.160991858700221,-1.21850865525188,0.00937096542907657
128.5,51.5095397764216,-0.160991769750783,-1.35598791191111,0.0144368018197637
129,51.5095336225698,-0.160991476636423,-1.3786816821287,0.059083769853191
129.5,51.5095277831636,-0.160991563450005,-1.24384784911751,-0.0618509540294394
130,51.5095222132554,-0.160991828324023,-1.23628607457587,-0.0192277570417554
130.5,51.5095163716443,-0.160991946614892,-1.34435886010205,-0.0144630943042641
131,51.5095106193451,-0.160991991446274,-1.23492304597069,-0.000458269785250324
131.5,51.5095050059201,-0.160992255547174,-1.25899495834696,-0.0620201652537783
132,51.5094993045565,-0.160992669455124,-1.27540991323581,-0.054288768661378
132.5,51.5094935548583,-0.160992942942913,-1.2822034156756,-0.0265546052179671
133,51.5094873539402,-0.160993083978768,-1.44813498840815,-0.0147032690106282
133.5,51.5094816017193,-0.160993148469756,-1.16225016814469,-0.00493080156281204
134,51.5094758947455,-0.160993114881355,-1.34525346381965,0.0113801000230881
134.5,51.5094700149009,-0.160992716041252,-1.28254460529579,0.0861801127418928
135,51.5094641795825,-0.16099240079809,-1.30959745201988,0.0140870603051924
135.5,51.5094584287069,-0.160992555898571,-1.25871748742601,-0.0464724108132472
136,51.5094527227901,-0.160992725052312,-1.27732652009991,-0.00739805805159596
136.5,51.5094470617174,-0.160992605221922,-1.24733659366741,0.0334646112789893
137,51.5094410864053,-0.160992523428382,-1.38719975347495,-0.00411785530302659
137.5,51.50943524604,-0.160992435231811,-1.23824798287474,0.0237013098703922
138,51.5094293605073,-0.160992251203683,-1.35960006654668,0.0268489504722487
138.5,51.5094236084454,-0.160992162284873,-1.22416441700458,0.00219503594495045
139,51.5094179465186,-0.160992169257561,-1.28487315049638,-0.00318242971653641
139.5,51.5094120163759,-0.160992080603086,-1.34383752242713,0.0231546109978637
140,51.5094059961461,-0.160991881055481,-1.33664046968098,0.0308950385849679
140.5,51.5094002906856,-0.160992010810775,-1.22260781082981,-0.0522553031851453
141,51.5093945433399,-0.160991963027266,-1.31827496127084,0.0478580254016975
141.5,51.509388659987,-0.160991645222042,-1.30275659917902,0.0415174200508158
142,51.5093830925985,-0.160991295655554,-1.19409677834935,0.0534531118711974
142.5,51.5093776599658,-0.160990949948049,-1.21918331576852,0.0441872227980267
143,51.5093717742691,-0.160990956627311,-1.37300737009308,-0.032507698664503
143.5,51.5093659841963,-0.160991374243726,-1.22915802628893,-0.0758231654916651
144,51.509360418138,-0.160991742165981,-1.2451125555038,-0.0337720191933952
144.5,51.5093545338491,-0.160991620448964,-1.35432436574569,0.0523717806852356
145,51.5093488764378,-0.160991236406855,-1.19205306134205,0.0539931110969974
145.5,51.5093430370028,-0.16099099691956,-1.37449869766683,0.0187359412611976
146,51.5093373766625,-0.16099113337338,-1.1790389839947,-0.0453251685841356
146.5,51.5093317619104,-0.160991409222516,-1.29861573469146,-0.0333867513439961
147,51.5093261003029,-0.160991555841405,-1.23263641048447,-0.0112387631888088
147.5,51.5093202587356,-0.160991690159485,-1.34689695597373,-0.0238387445580415
148,51.5093144622146,-0.160991839802202,-1.24987451082871,-0.018636153607257
148.5,51.5093086207552,-0.160991807763109,-1.33478948578156,0.0206081602558259
149,51.5093030486897,-0.160991733322412,-1.17344289749488,0.0031460742504875
149.5,51.5092974313412,-0.16099179790366,-1.30351516144543,-0.0174467093199259
150,51.5092928476053,-0.160991821534287,-0.821470550397205,0.00663466679232472
150.5,51.5092894323816,-0.160991763445106,-0.716878159135342,0.00906773506272306
151,51.5092872757915,-0.16099168805929,-0.313978090207426,0.0114474741847129
151.5,51.5092855065319,-0.160991291659214,-0.449489153157002,0.0855573605068404
152,51.5092843861043,-0.160990585328173,-0.109191846132615,0.10683992567041
152.5,51.5092833969621,-0.16098947946222,-0.297737483965732,0.186252711428956
153,51.5092826550446,-0.160988145770598,-0.0722355851151801,0.184442221731552
153.5,51.5092822857408,-0.160986856515596,-0.089134983685788,0.175220262552532
154,51.5092821724525,-0.160985439670837,0.0195399087329436,0.211793312953889
154.5,51.5092823553142,-0.160983466254629,0.055494801273209,0.317571373918897
155,51.5092827990047,-0.160981743752515,0.128992437813942,0.184298226852826
155.5,51.5092832562716,-0.160980783062003,0.0826797921849126,0.0977631067778629
156,51.5092842735298,-0.160979490047979,0.326931609550988,0.236782950227624
156.5,51.5092854416752,-0.160978616163854,0.21303277449114,0.0405330643355935
157,51.5092865414947,-0.160978389551043,0.266915712254266,0.0251190106588081
157.5,51.509287934066,-0.160978401504857,0.339939532271169,-0.0204050159689196
158,51.5092900009094,-0.160978336117948,0.543885825234802,0.0297181481250717
158.5,51.5092937290637,-0.160978412319389,1.02956256503523,-0.0387901188815811
159,51.5092982210843,-0.160978542889888,0.978543408941382,-0.00366819126292446
159.5,51.5093037479155,-0.160978411756203,1.40570398478826,0.0335219451576747
160,51.50930972367,-0.160978213157809,1.27650983880312,0.0234139420577953
160.5,51.5093156517381,-0.160978363855841,1.3489070059614,-0.0519621410916713
161,51.5093214005375,-0.160978624103024,1.23041537253838,-0.0250580332152629
161.5,51.5093269726951,-0.160978729587272,1.24653964153827,-0.00735900516000194
162,51.5093325417892,-0.160978591204209,1.23409381176532,0.037816715533449
162.5,51.509338335544,-0.160978305062993,1.32779031033835,0.0410721109409025
163,51.5093438179849,-0.160978231562523,1.14443924230203,-0.0114006479313529
163.5,51.509349929445,-0.160978137814458,1.51072976201068,0.0301097367203722
164,51.5093558611474,-0.160978075764018,1.18632786777268,-0.00642977634331406
164.5,51.5093613804486,-0.160977747430811,1.25740644658065,0.0820040619629206
165,51.5093671197934,-0.160977136479419,1.2908893008597,0.0868125212405846
165.5,51.5093730882679,-0.16097662314819,1.35412629915128,0.060403298539935
166,51.5093787017825,-0.160976335614938,1.17558650040389,0.0255900337167144
166.5,51.509384678464,-0.16097622652904,1.43794277320597,0.00783674426348674
167,51.5093906101216,-0.160976239285345,1.23726178686076,-0.00849685132538744
167.5,51.5093964948939,-0.160976125198931,1.36000277385553,0.0328779305737284
168,51.5094026902294,-0.160975677864962,1.39156365074523,0.0825787611666664
168.5,51.5094085726759,-0.160975325169148,1.25111164437414,0.0254488051830132
169,51.5094142792013,-0.160975269170994,1.28288080276638,-0.00459578651001755
169.5,51.5094200756495,-0.160975216319959,1.29465830544121,0.0156925477833528
170,51.5094256897483,-0.16097531745797,1.21743513808605,-0.0348584281725942
170.5,51.5094315728864,-0.160975658579833,1.37326321677614,-0.0561209634859499
171,51.5094375937071,-0.160975809111426,1.31626605149587,0.00375167560526693
171.5,51.5094430764172,-0.160975824863019,1.15260809858571,-0.00634433774718169
172,51.5094488286353,-0.160975779288016,1.36911789739955,0.0151990182702225
172.5,51.5094543101875,-0.160975614096421,1.11517377883525,0.028354166826759
173,51.509460286131,-0.160975477454744,1.47995255025295,0.0124063497498063
173.5,51.5094658538827,-0.160975209095014,1.07019702579439,0.0546618594602149
174,51.509471646067,-0.160974901566533,1.44192400993722,0.0343287753417161
174.5,51.5094774432886,-0.160974855502104,1.18362066528013,-0.013156638661832
175,51.5094833301396,-0.160974913012192,1.39833792031926,-0.00436560199747022
175.5,51.5094889923008,-0.160974967818168,1.16304038083663,-0.00988102055650133
176,51.5094949692909,-0.160974922233142,1.44684186235145,0.0176770512630346
176.5,51.509500496887,-0.160974902726321,1.07818445890464,-0.00776935502275512
177,51.5095064273962,-0.160974756975632,1.48865826816872,0.0398429626434802
177.5,51.5095122230639,-0.160974572778217,1.15031886407688,0.0155896748758866
178,51.5095184627398,-0.160974873372246,1.55511548140988,-0.0818678998716108
178.5,51.5095243392227,-0.160975438363209,1.13436949881856,-0.0760583949715605
179,51.5095301316922,-0.160975791057159,1.39711121698216,-0.030012399797475
179.5,51.5095361079764,-0.160975896751193,1.28272524386029,-0.00394035460401992
180,51.5095420396978,-0.16097581412776,1.34593827711882,0.0222614739603786
180.5,51.5095476118684,-0.160975712539065,1.16567858637904,0.00839693284766833
181,51.5095533635347,-0.160975586304553,1.35975987222189,0.0239197418150738
181.5,51.5095592496539,-0.160975407788206,1.27476367473273,0.0253948714536249
182,51.5095652712355,-0.160975339887283,1.38550358430616,-0.00174843455364073
182.5,51.5095709334191,-0.160975286306769,1.17203294147343,0.0138715533851062
183,51.509577089288,-0.160975316088433,1.5082131929796,-0.0167400309904251
183.5,51.5095828799993,-0.160975709502822,1.13475557159689,-0.0811471919504613
184,51.5095887607796,-0.16097608263061,1.43024707740968,-0.0312735288876899
184.5,51.5095945576782,-0.160976114995536,1.19167236339691,0.0142517521841228
185,51.5096002194465,-0.160975983546526,1.30755772101804,0.0210522160003393
185.5,51.509606058689,-0.160976072706457,1.29357271486374,-0.0357826848769714
186,51.5096117623811,-0.160976401265994,1.25208634842647,-0.0525083392097843
186.5,51.5096173770906,-0.160976687314338,1.24746653773033,-0.0307656395417742
187,51.5096230358794,-0.160977013121721,1.2673747282239,-0.0553706079695708
187.5,51.5096287854245,-0.160977285367181,1.28777017773029,-0.0255038757688396
188,51.5096345819597,-0.160977313989451,1.29126874395803,0.0110964521244699
188.5,51.5096399718705,-0.160977064450458,1.13500223411903,0.0511359290168892
189,51.5096445513819,-0.160976742520851,0.937831679973337,0.0401960238436684
189.5,51.5096483643281,-0.160976384995375,0.785875512509317,0.0562563213253816
190,51.5096507405031,-0.160976122671347,0.348744413537078,0.0225419013351035
190.5,51.5096524182822,-0.160975686836009,0.390547573847307,0.0870991639019425
191,51.5096531512483,-0.160975175185101,0.00388243633161905,0.0598052676507299
191.5,51.5096539012563,-0.160974265967775,0.280994634257727,0.172756144734286
192,51.5096546146737,-0.160972739534292,0.0731746120539718,0.239383775926965
192.5,51.5096549811814,-0.160971122747234,0.0874199303349003,0.214072300928562
193,51.5096550679608,-0.160969635498104,-0.0283670990261053,0.201213036174685
193.5,51.5096548749077,-0.160967651220698,-0.0531709838225903,0.327537543531399
194,51.5096545647992,-0.160966308423852,-0.08008785057095,0.0876895549750504
194.5,51.5096539385112,-0.160964833048212,-0.180850130745002,0.286878241851392
195,51.5096531560269,-0.160963775370176,-0.169402343264542,0.0488490676296232
195.5,51.5096521885357,-0.160963039170418,-0.247400035634907,0.139584868904082
196,51.5096510957865,-0.160962689031915,-0.240184117370425,-0.0150595629760033
196.5,51.5096494804545,-0.160962550714725,-0.442917369257494,0.0431913303863847
197,51.5096467409545,-0.160962550108469,-0.726253303807451,-0.0300908251556295
197.5,51.5096431033883,-0.160962770611649,-0.867637810892528,-0.0309859878770678
198,51.5096384318923,-0.160962996366191,-1.15978263478934,-0.0315989581346253
198.5,51.5096329064237,-0.160962942183809,-1.2783211933715,0.0349089730868292
199,51.5096272073012,-0.160963101322012,-1.26103383946326,-0.0620007154270673
199.5,51.509621194725,-0.160963239924005,-1.39170798224548,0.0106836169456011
200,51.5096155797006,-0.160963127683759,-1.14985053423652,0.0190156871918023
200.5,51.5096098728605,-0.160963131710339,-1.35388268085363,-0.0142614522223421
201,51.5096041683353,-0.160962872029809,-1.21018452633987,0.0712804103163728
201.5,51.5095982855269,-0.160962828617364,-1.37821405155216,-0.0396488108601067
202,51.5095925350053,-0.160963039990886,-1.21055200719381,-0.0221404060521055
202.5,51.5095864683012,-0.160963081106715,-1.4475207046075,0.00579292005546301
203,51.5095806260985,-0.160963083123957,-1.19671840781389,-0.00453121282225148
203.5,51.5095750535805,-0.160963131842134,-1.27026393164529,-0.00832804723267259
204,51.5095691687983,-0.160963351764808,-1.33690510322059,-0.0460829884155956
204.5,51.5095634639413,-0.160963467423691,-1.22219431594982,0.00495687503440961
205,51.5095577571118,-0.160963466548411,-1.3032380126857,-0.00326320302917575
205.5,51.5095520506081,-0.160963436306117,-1.24638419536509,0.00942292094954237
206,51.5095461191381,-0.160963327397585,-1.37128191224762,0.0191117651188739
206.5,51.5095405025074,-0.160963433299261,-1.16475639210726,-0.0383762814642838
207,51.5095345323837,-0.16096385795443,-1.44304326091779,-0.0733762888474493
207.5,51.5095286513663,-0.160964090627678,-1.21453537885992,-0.00355903381016572
208,51.509523125644,-0.160964183358937,-1.24009020179629,-0.0193978591420906
208.5,51.5095173753676,-0.160964415386512,-1.30714593793707,-0.0411915371755602
209,51.5095118958582,-0.160964685063886,-1.15778143972727,-0.0348231938391786
209.5,51.5095057465854,-0.160965172537881,-1.51569408132739,-0.0906918819736394
210,51.5094999991737,-0.160965533252458,-1.11313956616836,-0.0216622812571521
210.5,51.5094940237027,-0.160965555383122,-1.48119777185788,0.00993965765686621
211,51.5094883685677,-0.16096577447888,-1.10238064199234,-0.058675280326757
211.5,51.5094825802939,-0.160965916959675,-1.41791622245918,0.00744012237861347
212,51.5094765607294,-0.160965792264013,-1.28453379603085,0.0242263137588737
212.5,51.5094709890148,-0.160965749699417,-1.20848920058815,-0.0069110496258902
213,51.5094651033013,-0.16096553856011,-1.38049963820169,0.054677161125848
213.5,51.5094593118122,-0.160965707419574,-1.22444924469595,-0.0781332887177149
214,51.5094534305022,-0.160965881051971,-1.36766185818372,0.0137073702737677
214.5,51.509447499441,-0.160965845972655,-1.28623284060675,-0.00131468460653433
215,51.5094417038217,-0.160966057851517,-1.29199835430769,-0.0490937447220926
215.5,51.5094356407872,-0.160966010284738,-1.38912002092465,0.0455937651581364
216,51.5094297116231,-0.160965908048995,-1.27049451347161,-0.00778287328862339
216.5,51.5094239608755,-0.160966123070715,-1.28604115319737,-0.0453079041965863
217,51.5094183922213,-0.160966043565882,-1.20627636880698,0.0504826652953872
217.5,51.5094126924097,-0.160965574260078,-1.31172581448307,0.0754418805983501
218,51.5094071250291,-0.160965220956636,-1.18781532932803,0.0305880550355042
218.5,51.5094011955766,-0.160965289162925,-1.41151689208709,-0.0375117531140391
219,51.50939540123,-0.160965333146304,-1.20381801851751,0.0158759361007605
219.5,51.5093896506092,-0.160965311553245,-1.33266672900312,-0.00601610611183605
220,51.5093841690277,-0.160965490269217,-1.14070067133722,-0.0379746995485071
220.5,51.5093781930646,-0.160965674405574,-1.46209110000917,-0.0168831738558
221,51.5093724413195,-0.160965739287161,-1.152300839336,-0.00349710574449688
221.5,51.5093667369185,-0.160965921235847,-1.3512447636428,-0.0405010998372353
222,51.5093609034582,-0.160965841651188,-1.26080440946186,0.0471367690272304
222.5,51.509355066967,-0.160965563847665,-1.32525917830696,0.0325799317716258
223,51.5093493146194,-0.160965571591797,-1.24831112110743,-0.0246339590499706
223.5,51.5093435183702,-0.160965438679061,-1.31878176344027,0.0486179016963467
224,51.5093375873806,-0.1609652802352,-1.32042181565281,0.00336824127088805
224.5,51.5093322395321,-0.160965257575122,-1.09868369063782,0.00299115736488618
225,51.5093262646252,-0.160965080628867,-1.49110345202006,0.0396744743224394
225.5,51.5093205180409,-0.160965139229946,-1.13003994806805,-0.0416049585578968
226,51.5093147245208,-0.160965403510921,-1.40053923410397,-0.0332602496165546
226.5,51.5093089760678,-0.16096567061539,-1.19414180832697,-0.0397680417107812
227,51.5093031837227,-0.160966037552728,-1.35522345519853,-0.0587782241117689
227.5,51.5092978370962,-0.160966217020546,-1.07386027104995,-0.00121877062361907
228,51.5092930287409,-0.160966281690904,-1.06719780827171,-0.0144123537430156
228.5,51.5092896588957,-0.160966364023677,-0.527703342281938,-0.00934607528912377
229,51.5092875925488,-0.160966462231842,-0.412263345463521,-0.0166398715725959
229.5,51.5092861851428,-0.160966166646461,-0.243807859837425,0.0814211025788709
230,51.5092851623728,-0.160965452892544,-0.216226919378283,0.111487479946674
230.5,51.5092841758039,-0.160964228419378,-0.22183950274905,0.210996758424287
231,51.5092833485976,-0.160962541020696,-0.15762715167698,0.250614256021861
231.5,51.5092828128616,-0.160960654174833,-0.0923186779317341,0.269961700313612
232,51.5092826415317,-0.160958754681949,-0.000187438139649276,0.259403831959528
232.5,51.5092828029736,-0.160956694294427,0.0612012869335515,0.304773663708127
233,51.5092833301148,-0.160954659108838,0.156565554147416,0.267065836685793
233.5,51.5092841922042,-0.160952925089744,0.216514452602693,0.222370684001685
234,51.5092850975258,-0.160951756845477,0.190904063113538,0.120105627758688
234.5,51.5092860668533,-0.160951040284881,0.233043441483175,0.0850708278603176
235,51.5092874745446,-0.160950760541675,0.36936967412773,0.00648405172583501
235.5,51.5092893160364,-0.16095078803618,0.438038989387462,-0.0110289382834883
236,51.5092915609509,-0.160950644178489,0.542576784860314,0.0416779891079109
236.5,51.5092946591582,-0.160950464020863,0.792183120863725,0.0133517677645396
237,51.5092992427839,-0.160950406290662,1.17936132268481,0.00428102402044053
237.5,51.5093045895364,-0.160950533087203,1.19701143034161,-0.0329271412101322
238,51.5093103404911,-0.160950719053735,1.33755759124743,-0.02084854345504
238.5,51.5093161376229,-0.160950772879575,1.25664313515925,0.00188835128032138
239,51.5093217543736,-0.160950668415589,1.24504881522732,0.0233369517598562
239.5,51.5093275488893,-0.1609507291804,1.32040964744166,-0.0306794408764877
240,51.5093332048665,-0.160951154566747,1.21525085731284,-0.0789371141635848
240.5,51.5093388574771,-0.160951689929779,1.28758848441654,-0.0711167949983347
241,51.5093447391599,-0.160951985447966,1.3236053802951,-0.0199754853130616
241.5,51.5093504869034,-0.160951731356023,1.24772711752717,0.0739613847774408
242,51.5093560546766,-0.160951406918185,1.23276287762279,0.0248107540741113
242.5,51.5093618510528,-0.160951423938596,1.32971360632328,-0.0213852042528103
243,51.5093675129795,-0.160951526648111,1.2109886551048,-0.00927498646284048
243.5,51.5093730854078,-0.160951491299153,1.26024078443338,0.0148366277479702
244,51.5093784331225,-0.160951424059129,1.14075981179652,0.00548639607312137
244.5,51.5093845441634,-0.1609515135781,1.51314684125188,-0.0249714646499277
245,51.5093899358283,-0.160951693234009,0.980351006721649,-0.0249278158469922
245.5,51.5093957297045,-0.160951570138244,1.50545622733332,0.0465062664523337
246,51.5094014763776,-0.160951565401273,1.12002662252957,-0.0314362230449964
246.5,51.5094070904358,-0.160951868822229,1.33966191938843,-0.0496172412345477
247,51.5094128868009,-0.160951931102562,1.2548801144129,0.0200307815017401
247.5,51.5094189511094,-0.160952079194805,1.41558471848306,-0.0489787513848606
248,51.5094248358812,-0.16095226522846,1.23517654076013,-0.00962815053733218
248.5,51.5094306308694,-0.160952446025112,1.32749900720003,-0.0359373704011826
249,51.5094364230574,-0.160952835945168,1.26181401792603,-0.0668845146504983
249.5,51.5094422174272,-0.160953085145393,1.30861883560355,-0.0120045739668559
250,51.5094479695363,-0.160953172453192,1.25986916659583,-0.0122058088582127
250.5,51.5094536295699,-0.160953398538467,1.25916369088164,-0.0448233688286419
251,51.5094595591718,-0.160953627205102,1.36162955222232,-0.0226003996713438
251.5,51.5094654451423,-0.160953793682688,1.27339859848281,-0.0234767484216572
252,51.5094715956758,-0.160954214781882,1.43523892144915,-0.0829667126608983
252.5,51.5094773844893,-0.160954716392583,1.18511961575945,-0.0603284582246021
253,51.5094831780075,-0.160954990477172,1.36198278954645,-0.0224677115804607
253.5,51.5094891549226,-0.160955006067406,1.30755381599353,0.0120473257489856
254,51.5094950860615,-0.160955100698564,1.32833786928905,-0.0307707950155709
254.5,51.5095009257744,-0.160955063975368,1.27920451974387,0.03020805890715
255,51.5095067140499,-0.160954577489733,1.29414018552136,0.0936891718933479
255.5,51.5095126343446,-0.160953983672697,1.33362530404214,0.0745879251331086
256,51.5095186519359,-0.160953680641899,1.34279102024582,0.0193187779874456
256.5,51.5095244481837,-0.160953754207263,1.25264538578018,-0.0308882235611906
257,51.509530153511,-0.160954001762259,1.28135399493803,-0.0368135088050594
257.5,51.509535857722,-0.160953961002533,1.26083574104383,0.0353907732571792
258,51.5095416069253,-0.160953658700883,1.29221814723191,0.0465846334348764
258.5,51.5095473104086,-0.160953735093777,1.25295553139272,-0.0506417508995405
259,51.5095531026836,-0.160953763145193,1.31402742124287,0.0288277025579468
259.5,51.5095588903104,-0.160953249594036,1.26951876582686,0.101044092536159
260,51.5095646346798,-0.160953005902158,1.28431145648591,-0.013207530528207
260.5,51.5095706521189,-0.160952849141677,1.37725315880443,0.0462484919343613
261,51.5095762200276,-0.160952500187648,1.142145999969,0.0499964422372903
261.5,51.5095820480643,-0.160951931830868,1.40512198864168,0.0991627454956153
262,51.5095876956166,-0.160951324240227,1.15276535479332,0.0740074435693789
262.5,51.5095935792,-0.160951283828021,1.41870063194587,-0.0422659375538492
263,51.5095992820413,-0.160951204419489,1.16417496823369,0.048330482510815
263.5,51.5096052095627,-0.160951113275582,1.42733469142822,-0.0123168874219397
264,51.5096109556697,-0.160950971389391,1.17449763404329,0.0421139446767859
264.5,51.5096168823165,-0.160950628268473,1.41977801985038,0.0515136507780106
265,51.5096226793746,-0.160950555029863,1.19906103029878,-0.0187716438652642
265.5,51.5096285650957,-0.160950392660755,1.38710230064311,0.0514672361660181
266,51.5096340012936,-0.160950314064769,1.08542821115936,-0.0174745541175442
266.5,51.5096396618408,-0.160950218274271,1.38146669538766,0.0348434452220771
267,51.5096440633355,-0.160950220097983,0.697966561307829,-0.0248208971573912
267.5,51.5096476994403,-0.160950156270248,0.886885715439551,0.0324411024307806
268,51.5096497624169,-0.160949944475021,0.159560828770961,0.027285282519621
268.5,51.5096514351497,-0.160949471483021,0.521067201585435,0.0925495922888309
269,51.5096525914445,-0.160948708753188,0.0726550700649887,0.115256897750449
269.5,51.5096536576426,-0.160947422533329,0.35246185860456,0.222931072694679
270,51.5096541391524,-0.160946396289177,-0.0645782216961781,0.0861921438658384
270.5,51.5096545273752,-0.160944947880976,0.192061297396513,0.281560788582331
271,51.5096547056871,-0.160943259686398,-0.0669912204600797,0.201404066897566
271.5,51.5096545381243,-0.160941069390771,-0.0164916715489241,0.376034217999386
272,51.5096539449189,-0.160938752839907,-0.212852982585239,0.283595540024255
272.5,51.5096533688437,-0.16093747994679,-0.0689201244300434,0.101948260878918
273,51.5096524911016,-0.160936394752987,-0.283787354360859,0.184795127088314
273.5,51.5096515396895,-0.160935771505998,-0.161248119791501,0.0177602413520156
274,51.5096506145916,-0.160935561816116,-0.237071497922857,0.0370649196137565
274.5,51.5096489518705,-0.160935580770692,-0.463022521486012,-0.0304196527037449
275,51.5096469745882,-0.160935595170512,-0.423848719784236,0.0178946933473338
275.5,51.5096433345313,-0.160935553044609,-1.08026317974948,-0.00258250612440398
276,51.5096388432026,-0.160935688472061,-0.94279133082598,-0.0301597697612946
276.5,51.5096334984597,-0.160935860533137,-1.36185038687476,-0.0195030226818492
277,51.5096280165327,-0.160935725902077,-1.12040288072822,0.0454316597905377
277.5,51.509621860508,-0.160935621089789,-1.54441320318024,-0.00706130966286791
278,51.5096160633828,-0.160935679991458,-1.11184180783487,-0.00896077421634923
278.5,51.5096098172798,-0.160935653905938,-1.58448066568214,0.012430008477662
279,51.5096039817933,-0.160935268489728,-1.09830584297468,0.0822762008655545
279.5,51.5095980612977,-0.160934674375381,-1.4707854165539,0.0826469227202006
280,51.5095922690351,-0.160934401319171,-1.16154179163289,0.00660188397184221
280.5,51.5095865652003,-0.160934631571391,-1.3445620047327,-0.0589722029774593
281,51.5095808165558,-0.160934823836465,-1.23339839008699,-0.00410350738175874
281.5,51.5095748430803,-0.160935014684075,-1.39626177501814,-0.0421770084765141
282,51.5095691490877,-0.160935620042392,-1.17653488955939,-0.113370578811417
282.5,51.5095633173569,-0.160936064714632,-1.38244716641208,-0.025605236539651
283,51.5095573406362,-0.160936168112782,-1.29315522901499,-0.00648341482659641
283.5,51.5095515894385,-0.160936095455167,-1.27034894080633,0.0216891852712629
284,51.5095460191219,-0.160935840225381,-1.2178898039593,0.0450644461220842
284.5,51.5095403186537,-0.160935413079151,-1.30384483293078,0.0692825749332424
285,51.509534438865,-0.1609349613419,-1.31150949607625,0.0581345985490322
285.5,51.5095283355621,-0.160934470078267,-1.39069497575092,0.0752683844887817
286,51.5095226383041,-0.160933929437584,-1.18166686864655,0.0749301851000312
286.5,51.5095166651498,-0.160933664610202,-1.4323522968789,0.0100612945024832
287,51.509510560851,-0.160933299176126,-1.30648175944451,0.0792177092433739
287.5,51.5095048174533,-0.16093280974323,-1.25806976077073,0.0600781216658356
288,51.5094991118722,-0.160932634428551,-1.27765297603813,-0.000671691828782704
288.5,51.509493148706,-0.160932161375189,-1.36138372244016,0.112134345980895
289,51.5094875037294,-0.160931473045057,-1.18240778794781,0.0839861824487094
289.5,51.5094816356743,-0.160930742275768,-1.39207683052931,0.113707675933353
290,51.509475899504,-0.160930451867673,-1.19541923220832,-0.0110445681914065
290.5,51.5094700594769,-0.160930558817325,-1.37236640739749,-0.0175142612159334
291,51.5094641278582,-0.160930434286361,-1.2831506087575,0.0416555133455218
291.5,51.5094583313885,-0.160930471402189,-1.2944775767364,-0.0379200507899623
292,51.5094526250657,-0.160930479376333,-1.25244804246248,0.0246617388054617
292.5,51.5094463798773,-0.160930260507078,-1.48571025486055,0.0344008840779107
293,51.5094404939261,-0.160930073161751,-1.18653480477429,0.020142263307477
293.5,51.5094351464082,-0.160930045928,-1.19227960245273,-0.00767105414652787
294,51.5094292144925,-0.160930126491211,-1.40932369174895,-0.0136472204096192
294.5,51.50942328413,-0.160930325996562,-1.25680525668451,-0.0375402200216806
295,51.5094176260668,-0.160930680879782,-1.26056305720703,-0.0574921054018561
295.5,51.5094117986418,-0.160931312499033,-1.3219985904509,-0.108849402946725
296,51.5094061476972,-0.160931706476778,-1.21223490827772,-0.0168039715852392
296.5,51.5094004956576,-0.160932080581523,-1.28948368048493,-0.0765447572315359
297,51.5093947992425,-0.160932387392197,-1.25219585627263,-0.0188414306097701
297.5,51.5093889135405,-0.160932420594534,-1.34990060080289,0.00535157779078272
298,51.5093833870726,-0.16093259795209,-1.14561655361556,-0.0456114243869275
298.5,51.5093776812665,-0.160932802982466,-1.35645526186542,-0.0164695090189291
299,51.5093717963887,-0.160932827598995,-1.27660723646755,0.00571791378203981
299.5,51.5093661806479,-0.160932599378826,-1.230691964259,0.0498689402015167
300,51.5093605191448,-0.160932515643946,-1.28014360642436,-0.0151425973580145
300.5,51.5093548195144,-0.160932883808505,-1.25995016533152,-0.076305623459779
301,51.5093489459116,-0.160933521942874,-1.33989568264282,-0.0972180428632101
301.5,51.5093432459849,-0.160933977873469,-1.21823581470256,-0.0395700586747096
302,51.5093375859606,-0.16093407180553,-1.28830349016476,0.00552631936805358
302.5,51.5093317455301,-0.160934135028062,-1.30749998880318,-0.018792143808344
303,51.5093261301429,-0.160934382897289,-1.20893325885316,-0.0453552000384721
303.5,51.5093204685249,-0.160934471496366,-1.29541812661256,0.0108347646724139
304,51.5093146716144,-0.160934522945414,-1.28605700875737,-0.0197289212345962
304.5,51.5093090095069,-0.160934576423617,-1.24161665339674,0.00118667365440794
305,51.5093036631881,-0.160934705498135,-1.15326868126162,-0.031298814857347
305.5,51.509298316995,-0.160934897063533,-1.21506468064234,-0.0233100003968128
306,51.5092936885283,-0.160934992036072,-0.900306628408213,-0.00610134841505591
306.5,51.5092903631623,-0.160935048810486,-0.627701593421156,-0.00913070595320827
307,51.509288161145,-0.160935074745446,-0.393585854255551,0.000269524103736403
307.5,51.5092867500837,-0.160934771692449,-0.25826481405146,0.0713472619696841
308,51.5092856870351,-0.160934035287067,-0.221343632489583,0.123886065003526
308.5,51.5092846932777,-0.160932818710979,-0.220977033080714,0.200453633208923
309,51.5092839617636,-0.160931377204261,-0.122032533251521,0.19995141823493
309.5,51.5092834702394,-0.16092954620072,-0.100510531575186,0.292244050037291
310,51.5092833309168,-0.160927562539395,0.0176545703143214,0.263674217089161
310.5,51.5092834945882,-0.160925720244586,0.0495552326187491,0.2503034043991
311,51.5092839943841,-0.160923652582255,0.154373673283131,0.312861175502471
311.5,51.5092845164913,-0.160922497662667,0.0894406355489102,0.0536169845871836
312,51.509285320286,-0.160921480298989,0.241450210411626,0.202617717802545
312.5,51.5092863515103,-0.160920821577879,0.221075409819914,0.0136593019020566
313,51.5092875052445,-0.160920606462377,0.281680667594869,0.0412166929035964
313.5,51.509288808087,-0.160920636496303,0.295661510092097,-0.0359412195900461
314,51.5092911435682,-0.160920766904848,0.676500541582884,-0.00562419611379199
314.5,51.5092945086501,-0.160920662296805,0.799389524013761,0.0286297546464033
315,51.509299400623,-0.16092039684195,1.29095812678036,0.042620008472162
315.5,51.5093047025796,-0.160920303664507,1.10194832768102,-0.00783939649987721
316,51.5093099133395,-0.160920055278929,1.19975738978767,0.0641191840219267
316.5,51.5093157955227,-0.160920131175499,1.38527641457259,-0.0627988699564218
317,51.5093215892301,-0.160920302873922,1.22194458639083,0.00342967458764074
317.5,51.5093272035137,-0.160920040426741,1.26840457815224,0.0595500629161045
318,51.5093329355493,-0.160919321707537,1.28042569694354,0.127969090614699
318.5,51.5093388492088,-0.16091869598127,1.34071541402877,0.058124709085838
319,51.5093448251045,-0.160918508225864,1.32205528179575,0.00363247763055781
319.5,51.5093507118551,-0.160918409130559,1.30139566342116,0.0208487676729839
320,51.5093565540398,-0.160918412345614,1.2989990268848,-0.0153530529578973
320.5,51.5093622606342,-0.16091832709842,1.24938573598563,0.0308697796691173
321,51.5093680519172,-0.160918495844185,1.31615092106658,-0.061441362511955
321.5,51.5093736630178,-0.160918624034137,1.20125610206605,0.0127496593862534
322,51.5093795034601,-0.160918403384694,1.36843764725639,0.0431596295313903
322.5,51.5093852995906,-0.160918441283639,1.23464832581864,-0.0391578010763432
323,51.5093910960161,-0.160918521956758,1.3284124366549,0.00836754289753201
323.5,51.509396983064,-0.160918456897424,1.29705811739237,0.0094999964688571
324,51.5094027772638,-0.160918635106124,1.28388365501378,-0.0487162124749871
324.5,51.5094083902066,-0.160918995935856,1.22454006060186,-0.0510726030073368
325,51.5094141404523,-0.160919232940607,1.31801938830931,-0.0201942037562003
325.5,51.5094198921496,-0.160919249641054,1.25313298760047,0.0101937987220215
326,51.5094254629869,-0.160919042569614,1.23013789392133,0.0417435896687328
326.5,51.5094312131946,-0.16091879696537,1.31408655858499,0.0287544038680438
327,51.5094370989272,-0.160918814919597,1.30658869081713,-0.0243661800314864
327.5,51.50944262449,-0.160918785512103,1.17559251431875,0.0239979674972827
328,51.5094481506973,-0.160918602562289,1.26753365873528,0.0263867360044262
328.5,51.5094539473777,-0.160918470161633,1.30548916109244,0.0127824629950225
329,51.5094596537009,-0.160918290965873,1.24474007621656,0.0333514338335684
329.5,51.5094658996944,-0.160918197074306,1.49141040875723,-0.00118290270020805
330,51.5094717866,-0.160918273303034,1.18290571899051,-0.0171657541536951
330.5,51.5094778530852,-0.160918286179843,1.46679022338942,0.00897645846923861
331,51.509483919829,-0.160918213840954,1.26816893354757,0.0107920643463966
331.5,51.509489535764,-0.160918044864095,1.2366722790655,0.0323325152536164
332,51.5094951966283,-0.160917909181677,1.27571573065926,0.00939504849117203
332.5,51.5095009488529,-0.160917883847884,1.28294502287188,-0.000596497737136491
333,51.5095068802025,-0.160917939669606,1.34564378796309,-0.0127591549309398
333.5,51.5095127214004,-0.160917959693463,1.26765213432023,0.00420478264854517
334,51.509518652244,-0.160917995542173,1.3561573497675,-0.0114054247845279
334.5,51.5095241776893,-0.160918244263128,1.14085005588167,-0.0507266996927515
335,51.5095301074495,-0.160918510251918,1.44450902181533,-0.0272778658849949
335.5,51.5095359485464,-0.160918554995815,1.19840824335562,0.00853272710131341
336,51.5095418354258,-0.160918486427027,1.38799737715085,0.0102127239970819
336.5,51.509547586558,-0.160918621259355,1.20393465877296,-0.0389760156775044
337,51.5095532912549,-0.160918903746366,1.31521305985862,-0.0393977096838635
337.5,51.5095592667225,-0.160919079128482,1.33974507374697,-0.0138204604191189
338,51.5095651071073,-0.160919264595085,1.27147368486738,-0.034104967296883
338.5,51.5095708563328,-0.160919568334346,1.28477999999432,-0.0478239991929018
339,51.5095768675522,-0.160919334279037,1.37457238188418,0.0887254119630993
339.5,51.509582521145,-0.160918946806659,1.1764350323826,0.0293548183005877
340,51.5095883555607,-0.16091925779058,1.38353272660388,-0.093955918869117
340.5,51.5095942797185,-0.160919639199131,1.27251190396396,-0.0242620777181791
341,51.5095999421228,-0.160919681652411,1.25121059706618,0.00696238871551214
341.5,51.5096056014369,-0.160919905299258,1.26495256982693,-0.0576653403372331
342,51.5096110349749,-0.160920241058418,1.16992681280022,-0.0388899469489022
342.5,51.5096167851918,-0.160920264631153,1.35623783499432,0.0216586379008801
343,51.5096224896384,-0.160920327760857,1.20850619051803,-0.030062759549627
343.5,51.5096280601789,-0.160920493017378,1.26126445038937,-0.0179647252960627
344,51.5096338495671,-0.160920829319697,1.30711921509329,-0.0668085500700732
344.5,51.509639233711,-0.160921284486524,1.12172541373487,-0.0606757194336337
345,51.5096439474286,-0.160921619471441,0.997892868099846,-0.0365998651472249
345.5,51.5096476295285,-0.160921783334193,0.694336237935675,-0.0130597370237012
346,51.5096499656101,-0.160921850261094,0.397655410499468,-0.0066562127709521
346.5,51.5096515066217,-0.16092154504304,0.304573612921285,0.0767057662937003
347,51.5096523634798,-0.160920942380115,0.110929942890569,0.0885639433306368
347.5,51.509653563686,-0.160919559190977,0.376361900260122,0.264505642011655
348,51.5096543703376,-0.160918129514611,0.041686085691178,0.152319710095788
348.5,51.5096548111498,-0.160916580839051,0.137569751092974,0.258939498316335
349,51.5096549549125,-0.160914596749042,-0.0419163918175003,0.287084784423731
349.5,51.5096547760038,-0.160912615736976,-0.038335929888659,0.266656540504636
350,51.5096543657693,-0.160910951470636,-0.128347976328953,0.206188807209702
350.5,51.5096537503631,-0.160909548599369,-0.142951703474026,0.186814182693533
351,51.5096530487888,-0.160908684867797,-0.165324662691825,0.0731130415447337
351.5,51.5096519654391,-0.160908013359382,-0.294081224232439,0.107329761277781
352,51.5096508167753,-0.160907788055822,-0.228658633011965,-0.0219481514915721
352.5,51.5096492002538,-0.160907880993274,-0.451435161869178,-0.00657408786118206
353,51.5096466857284,-0.160908031136119,-0.635187696459802,-0.0308392110604721
353.5,51.5096429116151,-0.160908161089574,-0.983036646142235,-0.00908794161403973
354,51.5096386033553,-0.160908486840643,-0.941598790506579,-0.0705316777387534
354.5,51.5096330380533,-0.160908738742786,-1.4461180351098,-0.0100890992315145
355,51.5096273759595,-0.16090871032265,-1.12956887987323,0.0137709177070415
355.5,51.5096215362282,-0.160908939223578,-1.41834982231997,-0.0636715136693655
356,51.5096156072214,-0.160909233356796,-1.2499742100648,-0.0248598478582076
356.5,51.5096101256472,-0.160909239745463,-1.19858274502279,0.0158938536863161
357,51.5096042844252,-0.160909064571583,-1.37060402417434,0.0302239648152742
357.5,51.5095986694986,-0.160909162360715,-1.16458629446059,-0.0442398291432596
358,51.5095928298739,-0.160909273797202,-1.39379730048888,0.00466337506293085
358.5,51.5095870329771,-0.16090923082169,-1.21718652167503,0.00687997838223769
359,51.5095815069997,-0.160909411111457,-1.23833094387026,-0.0473732697823897
359.5,51.5095755340878,-0.160909767270049,-1.39259578011251,-0.0509097314570456
360,51.5095695594901,-0.160909993705088,-1.28524812873394,-0.0178130491833764
360.5,51.5095637277112,-0.160910422278462,-1.30636608704495,-0.0886953775279281
361,51.5095579407567,-0.160910838541449,-1.27462739837831,-0.036171900182218
361.5,51.5095520536487,-0.16091088778743,-1.33473046700526,0.0136958401713226
362,51.5095464373263,-0.160911041610622,-1.19022577298762,-0.0458969828114654
362.5,51.5095404627963,-0.160911320772079,-1.42688149326523,-0.033768055828284
363,51.5095345770358,-0.160911407749915,-1.22764285336264,0.00310655498942346
363.5,51.509529095838,-0.160911499157959,-1.21407229561079,-0.0237514239040993
364,51.5095230760528,-0.160911545925707,-1.42730800805428,0.00558648527685
364.5,51.5095173696256,-0.16091151381091,-1.15950623226726,0.00367014834019988
365,51.5095115281638,-0.160911666781057,-1.39804825647307,-0.0386776649661717
365.5,51.5095055071711,-0.160911844024063,-1.29898162573159,-0.0147638031467773
366,51.5094997555871,-0.16091199418249,-1.26641658696853,-0.0251102026417683
366.5,51.5094939201066,-0.160911746082012,-1.32094836520838,0.0761412143236223
367,51.50948821983,-0.160911332678358,-1.2316313581202,0.0442850191751827
367.5,51.5094827378932,-0.160911242944083,-1.2115598901285,-0.0098177488634179
368,51.5094768977552,-0.160911081275542,-1.36110988822241,0.0450342680270994
368.5,51.509471332969,-0.160910623730128,-1.15226507814349,0.0764795771692056
369,51.5094655866277,-0.160910310625683,-1.36713494832436,0.0203725887748206
369.5,51.5094598809249,-0.160910453673085,-1.20135336004877,-0.0480271504508636
370,51.5094541325869,-0.160910797726621,-1.33352846536175,-0.0475948396175
370.5,51.509448116271,-0.160911216066198,-1.3423762859689,-0.065432692087012
371,51.5094422789917,-0.160911598230335,-1.26845703465144,-0.0444069923824686
371.5,51.5094365759365,-0.160911954323831,-1.26942635440171,-0.0529710154697167
372,51.5094309170331,-0.160912268199675,-1.25204609611054,-0.0370107269663318
372.5,51.5094248513454,-0.160912338482073,-1.41809028055115,0.00931733660824867
373,51.5094191441238,-0.160912293068226,-1.16625911258012,0.00419781202058153
373.5,51.5094131675079,-0.160912219331971,-1.44444718014664,0.0144669919888063
374,51.5094074608876,-0.160912214716094,-1.1475818244216,-0.00903731550232727
374.5,51.5094016204579,-0.16091214455063,-1.40600488905467,0.0228886993426588
375,51.5093957808409,-0.160911863867694,-1.2248012986539,0.0502332087075982
375.5,51.5093902127275,-0.160911517053224,-1.24893967703163,0.0467024319394187
376,51.5093845088383,-0.160911252850781,-1.28340393802324,0.0296733853984241
376.5,51.5093786307698,-0.160911580206592,-1.32516736999248,-0.0980438441611843
377,51.5093732018958,-0.160911829901922,-1.1260120876422,0.00968999820034914
377.5,51.5093673168086,-0.160911880094591,-1.43799666412655,-0.0186310019436099
378,51.5093613880572,-0.160912200177764,-1.23612469588693,-0.0625140924324508
378.5,51.5093555929086,-0.160912300184778,-1.32689597173389,0.0201531557570028
379,51.5093496613164,-0.160912172596487,-1.3149698167643,0.0160100789598393
379.5,51.509344090567,-0.160912269713555,-1.18681883060846,-0.0341315967392779
380,51.5093381157075,-0.160912517289593,-1.42939092364129,-0.0345483599926118
380.5,51.5093321903733,-0.160912910794059,-1.24085607319857,-0.068703134355554
381,51.5093262660285,-0.160913369579981,-1.37245620525416,-0.0602045364573004
381.5,51.5093205644915,-0.160913255139507,-1.19605254378552,0.0691569310396835
382,51.5093151312704,-0.160913071911461,-1.21803686708751,-0.00515873573527248
382.5,51.5093091545428,-0.16091316544886,-1.40824495695943,-0.0184684603037298
383,51.5093034476906,-0.160913101812844,-1.17301107777628,0.0279492548886088
383.5,51.5092981015709,-0.160912886167505,-1.2012172531569,0.0313387826441479
384,51.5092932042854,-0.160912786377719,-1.01168832677824,0.00161831631550628
384.5,51.509289968858,-0.160912754878346,-0.515712549816403,0.00630263323202012
385,51.5092877221913,-0.160912691152613,-0.488868100156522,0.0106306720832944
385.5,51.5092864601342,-0.160912307652661,-0.135202056107769,0.0830840345179424
386,51.5092852344921,-0.16091128271302,-0.368993296937962,0.183779096098647
386.5,51.5092843666589,-0.160910148212739,-0.0699877798405862,0.139154445399135
387,51.5092837208493,-0.160908790117985,-0.19530478614722,0.223171382015753
387.5,51.5092832368391,-0.160906865121396,-0.0463775810993623,0.298177221524474
388,51.5092830890029,-0.160904956326045,-0.0234590078456255,0.241848818559208
388.5,51.5092832503217,-0.160903187903661,0.0774448253896681,0.24814353282424
389,51.5092836821847,-0.160901542666001,0.109153341700947,0.214659363574415
389.5,51.5092843712054,-0.160900043147053,0.184234735403773,0.203701242954515
390,51.5092851625038,-0.160899004700126,0.170367267994065,0.102535457768113
390.5,51.5092862229365,-0.160898253881647,0.281882382692707,0.105456550128832
391,51.5092874089308,-0.160898051775102,0.251319092585385,-0.0261121562823462
391.5,51.5092887093795,-0.160898185529943,0.316009133325845,-0.0132944384177482
392,51.5092913576972,-0.16089839305112,0.780596657295121,-0.0396794461267054
392.5,51.509294726115,-0.160898556433574,0.727784178488798,-0.0107909543212486
393,51.5092989500916,-0.160898542771361,1.08839285221164,0.0107786445957111
393.5,51.5093045662608,-0.16089859230108,1.36260406908798,-0.0192365807420334
394,51.5093105861981,-0.16089884535944,1.32339322379427,-0.0462690129074229
394.5,51.5093159331661,-0.160898984917059,1.09627062355934,-0.000554369709691832
395,51.509321820047,-0.160899077754651,1.45949420165267,-0.0215263203566193
395.5,51.5093279684197,-0.160899500084254,1.30415456761357,-0.0846227636240608
396,51.509333832132,-0.160900329795283,1.30521123831461,-0.136617888600121
396.5,51.5093395682134,-0.160900926846451,1.2561914841312,-0.0453017733544573
397,51.5093454975403,-0.160901216702822,1.36360600554772,-0.0367095242674688
397.5,51.509351338014,-0.160901349541679,1.25480458281185,-0.00566001878043855
398,51.5093570443072,-0.160901448276638,1.28020788662732,-0.0193444257706844
398.5,51.5093627495015,-0.160901704058462,1.26200988605008,-0.0468363281314886
399,51.5093685848541,-0.160902129693335,1.32398466660685,-0.0676858799855212
399.5,51.5093745111762,-0.160902427546384,1.31501416070299,-0.0229282256731418
400,51.5093805781133,-0.160902442282479,1.37448521787033,0.0125712969195525
400.5,51.5093864203231,-0.160902436181415,1.24784585442645,-0.00735974954807911
401,51.5093922587798,-0.160902178845421,1.33507372252313,0.0658960744225906
401.5,51.509398047194,-0.160902220032393,1.25508416696672,-0.0558494498640366
402,51.5094035227208,-0.160902301226516,1.19271808300674,0.0199287191264708
402.5,51.509409541962,-0.160902160877838,1.44205015388182,0.0191792376781617
403,51.5094152027775,-0.160902361537695,1.13193273142277,-0.0607912705752153
403.5,51.509421492251,-0.160902429443178,1.58682309739132,0.0265247870663737
404,51.5094273705657,-0.16090269648087,1.11286707452742,-0.0816016411029069
404.5,51.5094332934006,-0.16090316962055,1.46147739615662,-0.0545635346637434
405,51.5094391347117,-0.160903248564966,1.18661136475287,0.0195596370136889
405.5,51.5094447970399,-0.160903180710016,1.31131214536538,0.00232541978314988
406,51.5094505906113,-0.160902912333136,1.27366814059765,0.0617225797295104
406.5,51.5094564738554,-0.160902735165635,1.3339402720354,-0.00138541508022615
407,51.5094623995458,-0.160903102415417,1.30780630789122,-0.0857195132534642
407.5,51.5094678757512,-0.16090328105543,1.15606935164165,0.0178356927608756
408,51.5094738066247,-0.160903245481107,1.43427660444666,-0.00408766886145008
408.5,51.5094794232406,-0.160903230726957,1.12065446107706,0.00634408372378067
409,51.5094851744519,-0.160903233313552,1.39110462634851,-0.00505142387140217
409.5,51.509490833063,-0.160903544216914,1.16676076953749,-0.0698526900279306
410,51.5094963122969,-0.160903821499284,1.2559468182146,-0.0165555664762463
410.5,51.509502107629,-0.160903733950343,1.31308996351789,0.0322548043713265
411,51.5095079397533,-0.160903219913211,1.28700745341966,0.0987599708989548
411.5,51.5095135467774,-0.160903063255699,1.2201144859142,-0.0321530184116255
412,51.5095193377189,-0.160903495710085,1.33651171424288,-0.0795736091226668
412.5,51.5095251759944,-0.160903763581128,1.27293910859729,-0.00752934116109531
413,51.5095311478471,-0.160903507598044,1.36796938229935,0.0656952497894558
413.5,51.5095369401231,-0.160903248731919,1.23351809197253,0.0151185691372146
414,51.509543096916,-0.160903244894003,1.46552309006959,-0.00967706011288863
414.5,51.509548713252,-0.16090335846053,1.09867608375583,-0.0200333836808504
415,51.5095544630261,-0.160903350037613,1.40594582305619,0.0160115940251667
415.5,51.5095602132776,-0.160903102949314,1.19103763840357,0.0471169473855048
416,51.5095660996922,-0.160903011589052,1.39298098293291,-0.0114163240925274
416.5,51.5095718504723,-0.160903179216334,1.20031293508648,-0.0315768948674344
417,51.5095776012015,-0.160903300181123,1.33516135491536,-0.00644983773240224
417.5,51.5095833060543,-0.160903460740185,1.22341336377662,-0.0333849767688488
418,51.5095893124409,-0.160904110491402,1.41570086622305,-0.130003851900303
418.5,51.5095948710553,-0.160904356165576,1.11171679306241,0.0330114805249576
419,51.5096005670832,-0.160904553910154,1.37648627098265,-0.0697854988779166
419.5,51.5096062648213,-0.160904992721339,1.19179458950094,-0.0547311959570742
420,51.5096120159818,-0.160904947592102,1.3412873400544,0.0489645577643871
420.5,51.509617812351,-0.160904805745512,1.25374393174782,-0.000792419571119925
421,51.5096237891096,-0.160904841469775,1.38326186133159,-0.00787798807378749
421.5,51.5096294420225,-0.160905269386865,1.17009523011138,-0.0954948595191525
422,51.5096349155769,-0.160905670105247,1.25146432148152,-0.027742807349344
422.5,51.5096404878474,-0.16090576776289,1.23184821643238,-0.00363202954861242
423,51.5096450256136,-0.16090592135854,0.854248175430103,-0.0337136845345917
423.5,51.509648753602,-0.160905905421408,0.812246194704813,0.0273615236098444
424,51.5096511765717,-0.160905973174853,0.347986355517451,-0.0351461997996604
424.5,51.5096525220636,-0.160906109327586,0.265380953406777,-0.00753637643029759
425,51.5096527016577,-0.160906113619382,-0.117829985483394,0.00426238932767083
