0,51.50928696,-0.161032666,30.27899019,0,0,0
0.5,51.50925717,-0.1610254226,30.82169972,0,0,0
1,51.50928989,-0.1610467109,23.16921996,0,0,0
1.5,51.50928845,-0.1610258346,31.18733729,0,0,0
2,51.50928391,-0.161032381,26.31785078,0,0,0
2.5,51.50930694,-0.1610411471,24.93877558,0,0,0
3,51.50928386,-0.1609954942,28.78947364,0,0,0
3.5,51.50930757,-0.161002359,25.04662209,0,0,0
4,51.50932491,-0.161024687,25.313238,0,0,0
4.5,51.50929049,-0.161001735,19.97783912,0,0,0
5,51.50932987,-0.1610467405,25.84273102,0,0,0
5.5,51.50935547,-0.1610212064,19.22108787,0,0,0
6,51.5092803,-0.1610282639,27.80186027,0,0,0
6.5,51.5093372,-0.1609978982,26.34925766,0,0,0
7,51.50935517,-0.1610186675,30.72473718,0,0,0
7.5,51.50934325,-0.1609944722,32.22755466,0,0,0
8,51.50935139,-0.1609978992,25.43512796,0,0,0
8.5,51.50934715,-0.1610197645,34.17712307,0,0,0
9,51.50936079,-0.1610276393,23.28992606,0,0,0
9.5,51.50935726,-0.1610280999,23.93848155,0,0,0
10,51.5093957,-0.1610544965,19.08004452,0,0,0
10.5,51.50938184,-0.1610432554,30.28626941,0,0,0
11,51.50937784,-0.1610365806,20.66844538,0,0,0
11.5,51.50938834,-0.1610202097,27.2958774,0,0,0
12,51.50940058,-0.1610218176,24.87439424,0,0,0
12.5,51.5094083,-0.1610164178,29.01082519,0,0,0
13,51.50941317,-0.1610415122,28.07913776,0,0,0
13.5,51.50941539,-0.1610597005,34.42365523,0,0,0
14,51.50942113,-0.1610253901,23.19058012,0,0,0
14.5,51.50942244,-0.1609945146,32.39939434,0,0,0
15,51.50943398,-0.1610154339,26.83862971,0,0,0
15.5,51.50944309,-0.160997361,21.5526237,0,0,0
16,51.50945339,-0.1610512075,23.37312677,0,0,0
16.5,51.50945436,-0.1609851012,25.3048137,0,0,0
17,51.50943563,-0.1610218608,33.78471835,0,0,0
17.5,51.50945829,-0.1610178244,27.89993445,0,0,0
18,51.50946847,-0.1609842316,27.08332873,0,0,0
18.5,51.50946751,-0.161002715,28.58513713,0,0,0
19,51.50948209,-0.1609811442,21.10994714,0,0,0
19.5,51.50947575,-0.1610264913,27.83790507,0,0,0
20,51.50949317,-0.1610486772,26.57083273,0,0,0
20.5,51.50946599,-0.160990594,27.17946117,0,0,0
21,51.50949182,-0.1610021225,23.72076315,0,0,0
21.5,51.50950563,-0.1609715148,28.9317858,0,0,0
22,51.50954223,-0.161069704,19.30841978,0,0,0
22.5,51.50953188,-0.1610637843,19.88461386,0,0,0
23,51.50955139,-0.1610656372,22.51797337,0,0,0
23.5,51.50951777,-0.1610278201,28.74718596,0,0,0
24,51.50953017,-0.160994059,26.15591929,0,0,0
24.5,51.50953595,-0.1610126555,30.16630284,0,0,0
25,51.50954047,-0.1610407511,26.22937052,0,0,0
25.5,51.50957422,-0.1609994667,27.5575471,0,0,0
26,51.50955237,-0.1610321076,21.23678744,0,0,0
26.5,51.50953803,-0.161016832,25.53546896,0,0,0
27,51.50956654,-0.1610315807,22.95231612,0,0,0
27.5,51.50958715,-0.1610023057,25.99866196,0,0,0
28,51.50957854,-0.1610461098,22.91396648,0,0,0
28.5,51.5095861,-0.1610533225,30.02588851,0,0,0
29,51.5095769,-0.1610139603,26.54579114,0,0,0
29.5,51.50959848,-0.1610334281,24.44595676,0,0,0
30,51.50963167,-0.1610193232,22.31207334,0,0,0
30.5,51.50961251,-0.1610041057,27.61519457,0,0,0
31,51.50959048,-0.1609904331,26.98038628,0,0,0
31.5,51.50959611,-0.1610254068,27.91127023,0,0,0
32,51.50962382,-0.1609995136,25.78595597,0,0,0
32.5,51.50960339,-0.1609609528,31.24004843,0,0,0
33,51.50962689,-0.161082995,28.14826732,0,0,0
33.5,51.50963257,-0.1610137514,28.97572225,0,0,0
34,51.50965214,-0.1610403776,25.91216986,0,0,0
34.5,51.50964306,-0.1610091047,26.47574422,0,0,0
35,51.50963356,-0.161006503,26.2228204,0,0,0
35.5,51.50963881,-0.1610351936,28.74262725,0,0,0
36,51.50963208,-0.161012031,27.38898212,0,0,0
36.5,51.50962599,-0.1609888241,30.16996482,0,0,0
37,51.50963552,-0.1610001848,26.5871869,0,0,0
37.5,51.50964073,-0.1610250115,28.06897501,0,0,0
38,51.50967404,-0.1610247526,28.17591691,0,0,0
38.5,51.5096503,-0.1610269389,26.93289212,0,0,0
39,51.50963628,-0.1610074194,23.63488041,0,0,0
39.5,51.50962765,-0.1609853969,35.96505876,0,0,0
40,51.50961895,-0.1610071863,27.19228796,0,0,0
40.5,51.50963138,-0.1610176447,27.7816388,0,0,0
41,51.50964177,-0.1609850775,19.94838571,0,0,0
41.5,51.50962686,-0.1610009492,23.74888995,0,0,0
42,51.50961142,-0.1609977481,27.18421486,0,0,0
42.5,51.50961238,-0.1609990956,29.51313179,0,0,0
43,51.509607,-0.1610298456,27.01311107,0,0,0
43.5,51.50961469,-0.1610055346,23.42434275,0,0,0
44,51.50957156,-0.1609848729,31.33888897,0,0,0
44.5,51.50961968,-0.1609876156,25.32653321,0,0,0
45,51.50957041,-0.1609646072,25.47371793,0,0,0
45.5,51.50956899,-0.1609834137,29.00159347,0,0,0
46,51.50958135,-0.1610430565,21.2116579,0,0,0
46.5,51.50956833,-0.1610210822,29.97018358,0,0,0
47,51.50955645,-0.1610211863,31.75946568,0,0,0
47.5,51.50955459,-0.1610104838,28.82539483,0,0,0
48,51.50954876,-0.1610331453,23.83146058,0,0,0
48.5,51.50952917,-0.1609752477,26.31736996,0,0,0
49,51.50956602,-0.1610310221,19.8649771,0,0,0
49.5,51.50957465,-0.1610245343,20.49428877,0,0,0
50,51.50954172,-0.1610267511,28.28656848,0,0,0
50.5,51.50953642,-0.1610339826,30.31981938,0,0,0
51,51.50951528,-0.16104299,25.93716678,0,0,0
51.5,51.50950806,-0.1609704769,29.69944841,0,0,0
52,51.50952326,-0.1610100212,24.43556598,0,0,0
52.5,51.50950161,-0.1609877402,22.46726987,0,0,0
53,51.50949696,-0.161001672,27.54029639,0,0,0
53.5,51.5094779,-0.1610316893,18.88967174,0,0,0
54,51.50950497,-0.1610209039,23.90560225,0,0,0
54.5,51.5094463,-0.1609647529,34.27986421,0,0,0
55,51.50948549,-0.1609955262,26.47665339,0,0,0
55.5,51.50946187,-0.1610018748,34.48011762,0,0,0
56,51.50946262,-0.1610150633,28.27833216,0,0,0
56.5,51.50947128,-0.1610001391,28.58770936,0,0,0
57,51.50946112,-0.1610180688,23.91283973,0,0,0
57.5,51.50943532,-0.1610345064,25.18823697,0,0,0
58,51.5094612,-0.1609925311,23.53124844,0,0,0
58.5,51.50944689,-0.1610389803,28.37458991,0,0,0
59,51.50944052,-0.1610132532,20.28405772,0,0,0
59.5,51.50942657,-0.1609889602,32.58706764,0,0,0
60,51.50941122,-0.1609893943,23.52396977,0,0,0
60.5,51.50941526,-0.1609984489,30.09236369,0,0,0
61,51.50941271,-0.1610193886,27.50312113,0,0,0
61.5,51.50941645,-0.1610487082,25.61054115,0,0,0
62,51.50937223,-0.1610347044,24.4036445,0,0,0
62.5,51.50939322,-0.1609725711,27.12538186,0,0,0
63,51.50939486,-0.1610230029,25.05358679,0,0,0
63.5,51.50937487,-0.1610230001,32.04537804,0,0,0
64,51.50935413,-0.1610192845,26.11404402,0,0,0
64.5,51.50935521,-0.1610258068,29.03782456,0,0,0
65,51.50935097,-0.1610278915,25.3385589,0,0,0
65.5,51.50937485,-0.1610491323,27.9554129,0,0,0
66,51.50934275,-0.1610227409,29.99218685,0,0,0
66.5,51.50931894,-0.1609915666,25.64835962,0,0,0
67,51.50934879,-0.1609772095,28.91354736,0,0,0
67.5,51.50935101,-0.1610054371,22.67718523,0,0,0
68,51.50930799,-0.1610126809,27.16243708,0,0,0
68.5,51.50931805,-0.1610172343,28.61772706,0,0,0
69,51.50936225,-0.1610288894,17.81002393,0,0,0
69.5,51.50931221,-0.1610132084,32.55325016,0,0,0
70,51.50931031,-0.1609993328,24.41640191,0,0,0
70.5,51.50931398,-0.1610136707,26.03827756,0,0,0
71,51.50927819,-0.1610058309,26.45757682,0,0,0
71.5,51.50928801,-0.1610015595,29.0605553,0,0,0
72,51.50927295,-0.1609904176,32.11137693,0,0,0
72.5,51.50930135,-0.1610011007,34.02307109,0,0,0
73,51.50926371,-0.161022381,25.09703449,0,0,0
73.5,51.50927526,-0.1609875346,26.39287345,0,0,0
74,51.50927495,-0.1609723402,28.42618952,0,0,0
74.5,51.50927788,-0.160982858,33.64359032,0,0,0
75,51.50930021,-0.1609963132,18.47839665,0,0,0
75.5,51.50927582,-0.1609744835,26.32248348,0,0,0
76,51.50929833,-0.1610115557,25.3476205,0,0,0
76.5,51.50927314,-0.161027337,29.84477094,0,0,0
77,51.50929166,-0.1610204957,27.78496093,0,0,0
77.5,51.50926712,-0.1610027489,30.9679771,0,0,0
78,51.50927487,-0.1609722525,25.1115878,0,0,0
78.5,51.50927526,-0.160962096,30.72166787,0,0,0
79,51.50927415,-0.160973783,29.14170522,0,0,0
79.5,51.50928001,-0.1609699111,22.08298657,0,0,0
80,51.50925876,-0.1610132652,27.74881217,0,0,0
80.5,51.50927539,-0.1610184584,27.64406554,0,0,0
81,51.50929889,-0.1610200288,29.84545886,0,0,0
81.5,51.50932492,-0.1610086438,24.16749763,0,0,0
82,51.50932341,-0.1610313602,23.84285019,0,0,0
82.5,51.50928745,-0.1609965711,27.11485336,0,0,0
83,51.5093156,-0.1609598143,27.99096566,0,0,0
83.5,51.50933892,-0.1610020875,22.82786783,0,0,0
84,51.50931451,-0.161005703,25.92409357,0,0,0
84.5,51.50934164,-0.1609917934,30.63242988,0,0,0
85,51.50935824,-0.1610288899,25.26314365,0,0,0
85.5,51.50934434,-0.1610089542,25.55102901,0,0,0
86,51.50935215,-0.1609976376,27.88200066,0,0,0
86.5,51.50937146,-0.160985707,19.7669502,0,0,0
87,51.50936388,-0.1609913461,23.96574098,0,0,0
87.5,51.50936336,-0.1609938691,30.76513539,0,0,0
88,51.50938409,-0.1610180045,31.02449507,0,0,0
88.5,51.50937452,-0.1610243406,23.57536976,0,0,0
89,51.50937913,-0.1610116,27.28469271,0,0,0
89.5,51.50940236,-0.1609529305,27.71588267,0,0,0
90,51.50939196,-0.1609984657,26.71624491,0,0,0
90.5,51.50940596,-0.1609807026,27.4236055,0,0,0
91,51.50940349,-0.1609992508,23.26052727,0,0,0
91.5,51.5094032,-0.1609761539,30.87163963,0,0,0
92,51.50944989,-0.1609964944,26.10313344,0,0,0
92.5,51.50942078,-0.1610165087,26.40442183,0,0,0
93,51.50945119,-0.160996931,27.49181789,0,0,0
93.5,51.50943791,-0.1610115978,26.36079088,0,0,0
94,51.50942669,-0.1609643562,30.37418528,0,0,0
94.5,51.50944933,-0.1609891713,20.64184887,0,0,0
95,51.50946308,-0.160974107,27.2012205,0,0,0
95.5,51.50946622,-0.1609819072,25.91316396,0,0,0
96,51.50948067,-0.1609855774,27.39561415,0,0,0
96.5,51.5094799,-0.1609734315,27.74563489,0,0,0
97,51.50948058,-0.1609561601,30.62270558,0,0,0
97.5,51.5094672,-0.1609858035,27.59250912,0,0,0
98,51.50949739,-0.161024372,22.71772712,0,0,0
98.5,51.50951292,-0.160982496,24.39304765,0,0,0
99,51.50948993,-0.1610192732,25.2393636,0,0,0
99.5,51.50950041,-0.161015097,24.39866713,0,0,0
100,51.50950893,-0.1610040782,26.94982751,0,0,0
100.5,51.50950995,-0.1609808325,25.37277515,0,0,0
101,51.50951955,-0.1609960341,27.22858586,0,0,0
101.5,51.50952004,-0.1610419978,29.10167332,0,0,0
102,51.509558,-0.1610488897,24.40914576,0,0,0
102.5,51.50951338,-0.1610161705,34.61541699,0,0,0
103,51.50950435,-0.1609847518,35.75858927,0,0,0
103.5,51.50955074,-0.1610348981,25.08022315,0,0,0
104,51.50953485,-0.1609772878,27.16749618,0,0,0
104.5,51.5095503,-0.1609687928,27.72575777,0,0,0
105,51.50955039,-0.1609518151,23.32416575,0,0,0
105.5,51.50957572,-0.1610294737,25.06526498,0,0,0
106,51.50956186,-0.1609562141,29.89580431,0,0,0
106.5,51.5095858,-0.1609789521,30.55098481,0,0,0
107,51.50959994,-0.1609437854,31.29776109,0,0,0
107.5,51.50955967,-0.1610085923,33.02038007,0,0,0
108,51.50961029,-0.1609731154,28.58843587,0,0,0
108.5,51.50963036,-0.1609725903,28.69854036,0,0,0
109,51.50962621,-0.1610474777,22.54540182,0,0,0
109.5,51.50960355,-0.1609914425,28.33830526,0,0,0
110,51.5096293,-0.1609914429,23.99943948,0,0,0
110.5,51.50960613,-0.1609965908,28.85090242,0,0,0
111,51.50964921,-0.1610203027,28.25119104,0,0,0
111.5,51.50960443,-0.1610089861,34.05769536,0,0,0
112,51.50963225,-0.1610103335,32.01594187,0,0,0
112.5,51.50963963,-0.161012602,30.85218632,0,0,0
113,51.50962306,-0.1610127063,31.95233464,0,0,0
113.5,51.5096189,-0.1609551846,25.56039299,0,0,0
114,51.50964602,-0.1609817832,23.62490573,0,0,0
114.5,51.5096563,-0.1610165471,22.96800496,0,0,0
115,51.50962903,-0.1609953457,30.42793294,0,0,0
115.5,51.50964408,-0.1610195034,22.61451274,0,0,0
116,51.50963227,-0.1609758804,24.02423314,0,0,0
116.5,51.50964341,-0.1609853823,25.90379857,0,0,0
117,51.50964491,-0.1609905545,26.29169883,0,0,0
117.5,51.50966363,-0.1610125704,23.2254508,0,0,0
118,51.50964187,-0.1609893859,33.71863376,0,0,0
118.5,51.50960951,-0.1610022151,25.9845341,0,0,0
119,51.50962454,-0.1609840293,29.63589628,0,0,0
119.5,51.50963309,-0.1610241556,26.51073583,0,0,0
120,51.50963944,-0.1609874922,19.60705908,0,0,0
120.5,51.50960592,-0.1609812294,25.88414668,0,0,0
121,51.50960327,-0.1610006407,25.92414057,0,0,0
121.5,51.50962375,-0.160961611,22.94951613,0,0,0
122,51.50959483,-0.1610076857,23.48435646,0,0,0
122.5,51.50959839,-0.1609715015,27.57126322,0,0,0
123,51.50957924,-0.1609632185,28.55379599,0,0,0
123.5,51.50957997,-0.1610164957,29.61443672,0,0,0
124,51.5095812,-0.1610194437,27.61745303,0,0,0
124.5,51.50956427,-0.1609990351,35.03835459,0,0,0
125,51.50956386,-0.1609698417,25.15344979,0,0,0
125.5,51.50956275,-0.1609506747,24.83390174,0,0,0
126,51.50955019,-0.1609843804,24.72865764,0,0,0
126.5,51.50955599,-0.1609870281,22.56036582,0,0,0
127,51.50954175,-0.1609843059,23.73152475,0,0,0
127.5,51.50952027,-0.16100767,29.67483316,0,0,0
128,51.50956259,-0.1609756024,24.39895531,0,0,0
128.5,51.5095369,-0.1609836609,24.03177436,0,0,0
129,51.50950081,-0.1609734334,25.42790631,0,0,0
129.5,51.50950681,-0.1609764972,28.43287532,0,0,0
130,51.50951463,-0.160956423,25.62877741,0,0,0
130.5,51.50950403,-0.1609661334,26.47373717,0,0,0
131,51.50949013,-0.1609839184,35.65719367,0,0,0
131.5,51.5094924,-0.1610100671,28.8597855,0,0,0
132,51.50949496,-0.1609561102,29.95823197,0,0,0
132.5,51.50946854,-0.1609873651,32.79620304,0,0,0
133,51.50946754,-0.1609214939,27.25471536,0,0,0
133.5,51.50946974,-0.1610023578,23.28741993,0,0,0
134,51.50945627,-0.160994867,24.99536416,0,0,0
134.5,51.50944297,-0.1610017313,25.46665389,0,0,0
135,51.509472,-0.1609738899,27.95483685,0,0,0
135.5,51.50942157,-0.1609932879,33.74801011,0,0,0
136,51.50943794,-0.1610029052,29.38783623,0,0,0
136.5,51.50944452,-0.1609809359,29.89943927,0,0,0
137,51.50946018,-0.1609659397,29.25644122,0,0,0
137.5,51.50942019,-0.1609947714,26.42324297,0,0,0
138,51.50945081,-0.1609654613,31.78179624,0,0,0
138.5,51.50940725,-0.1609616706,29.05336902,0,0,0
139,51.50942643,-0.1610044644,31.55777263,0,0,0
139.5,51.509397,-0.1609730835,30.82283101,0,0,0
140,51.50941494,-0.1609725535,25.52282789,0,0,0
140.5,51.50940016,-0.1609900296,27.86387438,0,0,0
141,51.50938445,-0.1609969008,23.64502216,0,0,0
141.5,51.50939328,-0.1609763045,23.45411855,0,0,0
142,51.50938663,-0.1610002609,26.24840909,0,0,0
142.5,51.50936405,-0.1609477762,23.45416852,0,0,0
143,51.50935075,-0.1610032586,32.8837813,0,0,0
143.5,51.50938381,-0.1610175302,22.46100424,0,0,0
144,51.50934144,-0.1609821813,31.89817547,0,0,0
144.5,51.50933868,-0.1609917432,32.8328937,0,0,0
145,51.50931719,-0.1609565455,26.3984714,0,0,0
145.5,51.50934694,-0.1609640543,28.832171,0,0,0
146,51.50933408,-0.1610014338,26.85554568,0,0,0
146.5,51.50932442,-0.1609700504,34.09084062,0,0,0
147,51.50931246,-0.1609803542,27.0964937,0,0,0
147.5,51.50930061,-0.1609633085,25.41685496,0,0,0
148,51.5093258,-0.1609758069,21.17209892,0,0,0
148.5,51.50929495,-0.1609972522,28.92962876,0,0,0
149,51.5092837,-0.1610205535,28.62623794,0,0,0
149.5,51.5092968,-0.1609637165,26.75377458,0,0,0
150,51.50928479,-0.1609671713,27.67124809,0,0,0
150.5,51.50929959,-0.1609426286,27.53631284,0,0,0
151,51.50926162,-0.1609835413,27.36519301,0,0,0
151.5,51.50928535,-0.1610030529,20.86970853,0,0,0
152,51.5092676,-0.1609439423,28.89858059,0,0,0
152.5,51.50928826,-0.1610132724,22.28866272,0,0,0
153,51.50929134,-0.1609702906,23.51654282,0,0,0
153.5,51.5092823,-0.160962107,24.50370093,0,0,0
154,51.50927619,-0.160976065,31.03050896,0,0,0
154.5,51.50931967,-0.160989121,25.50999497,0,0,0
155,51.50926035,-0.1609540154,33.99938682,0,0,0
155.5,51.50927369,-0.160975127,32.813986,0,0,0
156,51.50928909,-0.1609616184,28.17923911,0,0,0
156.5,51.5092677,-0.1609490388,27.8455927,0,0,0
157,51.50929046,-0.1609394538,24.85631582,0,0,0
157.5,51.50926808,-0.1609508777,27.10555889,0,0,0
158,51.50927953,-0.1609381121,27.39511098,0,0,0
158.5,51.5092747,-0.1610075216,31.26348695,0,0,0
159,51.50930739,-0.1609608078,27.36064013,0,0,0
159.5,51.50927666,-0.160931357,24.76049001,0,0,0
160,51.50930813,-0.1609732258,26.62455843,0,0,0
160.5,51.50930913,-0.1609842323,25.04545723,0,0,0
161,51.50933084,-0.1609721411,27.81650735,0,0,0
161.5,51.50931738,-0.1609626769,33.65210827,0,0,0
162,51.50932475,-0.1609481127,31.91690735,0,0,0
162.5,51.50933246,-0.1609760181,28.11945973,0,0,0
163,51.50937226,-0.160965012,24.86885369,0,0,0
163.5,51.50930201,-0.1609849778,31.9079206,0,0,0
164,51.5093501,-0.1609454524,31.53363959,0,0,0
164.5,51.50935109,-0.1609618587,29.58305216,0,0,0
165,51.50937582,-0.1609763703,26.35748583,0,0,0
165.5,51.50938427,-0.1610003702,28.56830132,0,0,0
166,51.50936485,-0.160946705,27.67503669,0,0,0
166.5,51.50936633,-0.1609677023,22.23026357,0,0,0
167,51.50936126,-0.160987593,30.64829766,0,0,0
167.5,51.50938969,-0.1609878316,27.12317488,0,0,0
168,51.50939797,-0.1609295147,26.7743286,0,0,0
168.5,51.50941712,-0.1610105827,23.00445062,0,0,0
169,51.50939651,-0.1609621248,27.76566785,0,0,0
169.5,51.50938075,-0.1609562012,32.90688896,0,0,0
170,51.50944314,-0.1610012547,22.10500855,0,0,0
170.5,51.50941957,-0.160951804,27.47531399,0,0,0
171,51.50942899,-0.1609727111,26.80263377,0,0,0
171.5,51.50946473,-0.1609859214,29.44026707,0,0,0
172,51.50939758,-0.1609624024,30.34938474,0,0,0
172.5,51.50945649,-0.1609947059,27.86501762,0,0,0
173,51.5094614,-0.1609875848,26.45591306,0,0,0
173.5,51.50946702,-0.1609287819,27.75315755,0,0,0
174,51.50944406,-0.1609475014,28.18463237,0,0,0
174.5,51.50947025,-0.1609639352,28.13499246,0,0,0
175,51.50951156,-0.1609456149,26.92770992,0,0,0
175.5,51.50951431,-0.1609960848,22.06400106,0,0,0
176,51.50947982,-0.1609428808,31.28293275,0,0,0
176.5,51.50948647,-0.1609623155,23.18750484,0,0,0
177,51.50949037,-0.1609805764,26.36433034,0,0,0
177.5,51.50949594,-0.160945273,35.57951838,0,0,0
178,51.50950329,-0.1610008425,27.72658731,0,0,0
178.5,51.50949485,-0.1609656278,24.86872466,0,0,0
179,51.50953539,-0.160984711,21.66910568,0,0,0
179.5,51.50953399,-0.1610185116,27.17650335,0,0,0
180,51.50954377,-0.1609796641,30.92069794,0,0,0
180.5,51.50953243,-0.1609372307,29.64462891,0,0,0
181,51.50953905,-0.1609726157,29.70479943,0,0,0
181.5,51.50954528,-0.1609533277,20.66509302,0,0,0
182,51.50954225,-0.160953047,24.72536416,0,0,0
182.5,51.50956966,-0.1609661296,27.53910288,0,0,0
183,51.50957346,-0.16094039,27.26397618,0,0,0
183.5,51.50958373,-0.1609880771,23.64622486,0,0,0
184,51.50956394,-0.1609875918,31.16197412,0,0,0
184.5,51.50958119,-0.1609311517,29.27478403,0,0,0
185,51.5095931,-0.1609929292,25.49660561,0,0,0
185.5,51.50958206,-0.1609255983,23.55529933,0,0,0
186,51.50962042,-0.1609555431,23.1989488,0,0,0
186.5,51.50963457,-0.1609866123,21.14261561,0,0,0
187,51.50959465,-0.1609560469,26.47376545,0,0,0
187.5,51.50963708,-0.1609594608,24.96179629,0,0,0
188,51.50961478,-0.1609934635,23.58741471,0,0,0
188.5,51.50963862,-0.160953476,31.25980467,0,0,0
189,51.50962831,-0.1610017091,27.2597729,0,0,0
189.5,51.50966033,-0.1609819644,26.47678309,0,0,0
190,51.50965257,-0.1609491247,33.39392199,0,0,0
190.5,51.50961491,-0.1609100566,21.0533175,0,0,0
191,51.5096125,-0.1609524336,32.12304965,0,0,0
191.5,51.50963119,-0.1609407228,26.32174434,0,0,0
192,51.50962052,-0.1609559822,33.68771712,0,0,0
192.5,51.50965594,-0.160973952,26.12973533,0,0,0
193,51.50965286,-0.1609154993,31.53833471,0,0,0
193.5,51.50964497,-0.160929647,29.22552596,0,0,0
194,51.50964026,-0.160958976,25.86460865,0,0,0
194.5,51.50963428,-0.1609748078,30.25891299,0,0,0
195,51.50964561,-0.1609691139,26.5187002,0,0,0
195.5,51.50961274,-0.1609238695,36.31785837,0,0,0
196,51.50964106,-0.1609348241,28.18095304,0,0,0
196.5,51.50962726,-0.1609440482,27.60615736,0,0,0
197,51.50964294,-0.1609902989,25.39680251,0,0,0
197.5,51.50963302,-0.160937806,28.78091572,0,0,0
198,51.50964371,-0.1609685128,25.29490877,0,0,0
198.5,51.50961499,-0.1609911073,29.17656439,0,0,0
199,51.50961846,-0.1609189407,21.53876151,0,0,0
199.5,51.50959351,-0.1609658718,27.91657494,0,0,0
200,51.50958659,-0.1609446528,29.66491486,0,0,0
200.5,51.50958322,-0.1609544114,25.65877437,0,0,0
201,51.50960517,-0.1609845207,22.91312139,0,0,0
201.5,51.50958323,-0.1609626663,21.67227738,0,0,0
202,51.50955914,-0.1609692015,29.00839082,0,0,0
202.5,51.50957024,-0.1609199164,27.43947822,0,0,0
203,51.50959865,-0.1609529255,22.13128028,0,0,0
203.5,51.5095449,-0.1609406976,32.21426693,0,0,0
204,51.50954821,-0.1609623455,31.31852715,0,0,0
204.5,51.50954607,-0.1609400018,27.90184914,0,0,0
205,51.50956679,-0.1609359711,18.4165378,0,0,0
205.5,51.50954276,-0.1609612914,30.96925996,0,0,0
206,51.50950089,-0.1609268244,29.61502623,0,0,0
206.5,51.50949618,-0.1609374273,32.76514771,0,0,0
207,51.50951837,-0.1609652685,30.93849262,0,0,0
207.5,51.50953978,-0.1609811244,25.43009457,0,0,0
208,51.50948197,-0.1609475774,31.15444304,0,0,0
208.5,51.50950792,-0.1609636335,29.26835438,0,0,0
209,51.50948136,-0.1609265452,33.20444634,0,0,0
209.5,51.50949267,-0.1609420238,24.3413292,0,0,0
210,51.50949297,-0.1609590106,26.74625551,0,0,0
210.5,51.50950486,-0.1609520805,27.59246237,0,0,0
211,51.50947607,-0.1609409898,28.39769803,0,0,0
211.5,51.50943118,-0.1609248587,28.06614377,0,0,0
212,51.50945014,-0.1609409365,32.68000976,0,0,0
212.5,51.50946184,-0.1609937065,26.71563916,0,0,0
213,51.50946413,-0.1609878266,25.34006424,0,0,0
213.5,51.50944512,-0.160998613,28.28075233,0,0,0
214,51.50941648,-0.1609472357,29.36658295,0,0,0
214.5,51.50946188,-0.1609631647,29.32641947,0,0,0
215,51.50944785,-0.1609097025,20.07797464,0,0,0
215.5,51.50944448,-0.1609568561,20.53492404,0,0,0
216,51.50941461,-0.1609013533,29.41978241,0,0,0
216.5,51.50942304,-0.1609246698,21.43186705,0,0,0
217,51.50941512,-0.1609451074,23.06952868,0,0,0
217.5,51.50940971,-0.1609410579,29.75349687,0,0,0
218,51.50938399,-0.1609598904,29.53095146,0,0,0
218.5,51.50938816,-0.1609465269,27.69243495,0,0,0
219,51.50939678,-0.1609585279,26.36195802,0,0,0
219.5,51.50937703,-0.1609202426,33.2504362,0,0,0
220,51.50937024,-0.1609410831,29.52883726,0,0,0
220.5,51.50936745,-0.1609428024,30.01701014,0,0,0
221,51.50934867,-0.1609818435,28.52497573,0,0,0
221.5,51.50933013,-0.1609766755,28.07295186,0,0,0
222,51.50936131,-0.1609593757,20.18424743,0,0,0
222.5,51.50934284,-0.1609400166,28.49113934,0,0,0
223,51.50936547,-0.1609765321,22.70960598,0,0,0
223.5,51.50934293,-0.1609569145,23.95438108,0,0,0
224,51.50934556,-0.1609721234,24.9268914,0,0,0
224.5,51.50933094,-0.1609586431,34.50433227,0,0,0
225,51.50931657,-0.1609477296,29.10203854,0,0,0
225.5,51.50933154,-0.1609624112,34.65449896,0,0,0
226,51.50931938,-0.1609793011,28.62466188,0,0,0
226.5,51.50928568,-0.1609546829,26.59120619,0,0,0
227,51.50929343,-0.1609575001,27.23942798,0,0,0
227.5,51.5092669,-0.1609558452,23.89612011,0,0,0
228,51.50928474,-0.1609520282,27.00248707,0,0,0
228.5,51.50928795,-0.1609775734,30.35067756,0,0,0
229,51.50926499,-0.1609480216,28.89512726,0,0,0
229.5,51.50928742,-0.1609580271,25.15772334,0,0,0
230,51.5092595,-0.1609630489,33.61022993,0,0,0
230.5,51.5092653,-0.160946803,27.73652567,0,0,0
231,51.50929878,-0.1609507294,28.76723004,0,0,0
231.5,51.50927745,-0.1609469175,29.08878326,0,0,0
232,51.50929695,-0.1609414995,25.03386849,0,0,0
232.5,51.50926805,-0.160922728,26.69582275,0,0,0
233,51.50926503,-0.160903604,34.73050507,0,0,0
233.5,51.5092899,-0.160955482,27.14955286,0,0,0
234,51.50928968,-0.160950913,35.44806362,0,0,0
234.5,51.50929191,-0.1609689645,20.48659899,0,0,0
235,51.50927754,-0.1609143205,29.23814955,0,0,0
235.5,51.50926591,-0.1609331198,23.5889622,0,0,0
236,51.50929638,-0.1609590933,31.01227967,0,0,0
236.5,51.50929232,-0.1609504672,25.22008437,0,0,0
237,51.5092872,-0.1609041799,30.28116803,0,0,0
237.5,51.509319,-0.1609673614,29.62224382,0,0,0
238,51.50929574,-0.1609433957,24.64333542,0,0,0
238.5,51.50931878,-0.1609623385,25.69461934,0,0,0
239,51.50933223,-0.1609552211,27.72142967,0,0,0
239.5,51.50931581,-0.1609342012,23.6745371,0,0,0
240,51.50932739,-0.1609031935,29.03387734,0,0,0
240.5,51.50932675,-0.1608995998,28.62199534,0,0,0
241,51.50931783,-0.1609038293,21.83710482,0,0,0
241.5,51.50936677,-0.1609207149,23.13504205,0,0,0
242,51.50936629,-0.1609491931,28.41580244,0,0,0
242.5,51.50937953,-0.1609289888,26.69712692,0,0,0
243,51.50938494,-0.160958396,26.73032443,0,0,0
243.5,51.50936313,-0.1609522369,24.92597841,0,0,0
244,51.50936754,-0.1609500403,31.36772774,0,0,0
244.5,51.50938396,-0.1609580656,30.17475817,0,0,0
245,51.50937064,-0.1609446574,37.16489767,0,0,0
245.5,51.50940664,-0.1609010915,26.44724089,0,0,0
246,51.50939967,-0.1609209107,26.93064825,0,0,0
246.5,51.50942021,-0.1609602601,24.00383631,0,0,0
247,51.5093956,-0.160928271,28.72183021,0,0,0
247.5,51.50942104,-0.1609042117,25.24840138,0,0,0
248,51.509411,-0.1609697273,29.75595502,0,0,0
248.5,51.50942992,-0.1609685097,28.32671149,0,0,0
249,51.50941501,-0.1609372476,30.37761939,0,0,0
249.5,51.50942243,-0.1609379076,28.93417744,0,0,0
250,51.50945395,-0.1609282687,29.00206619,0,0,0
250.5,51.5094467,-0.1609722538,28.26488831,0,0,0
251,51.50947371,-0.1609183199,22.63206438,0,0,0
251.5,51.50945427,-0.1609870307,18.93405312,0,0,0
252,51.50946937,-0.160962196,26.67129781,0,0,0
252.5,51.5094829,-0.1609147688,24.88152362,0,0,0
253,51.50947388,-0.1609251032,29.94382936,0,0,0
253.5,51.50947382,-0.1609391651,27.27475531,0,0,0
254,51.50948886,-0.1609524195,26.0777978,0,0,0
254.5,51.509478,-0.1609093248,27.86256371,0,0,0
255,51.50948363,-0.1609966005,26.84817313,0,0,0
255.5,51.50949709,-0.1609502388,32.20314835,0,0,0
256,51.50946829,-0.1609012929,26.54183793,0,0,0
256.5,51.50949197,-0.1609349432,33.64159423,0,0,0
257,51.50952374,-0.1609445562,28.35499953,0,0,0
257.5,51.50951385,-0.1609638056,23.65785194,0,0,0
258,51.50953784,-0.1609760622,24.34346627,0,0,0
258.5,51.5095366,-0.1609393773,28.64158637,0,0,0
259,51.50952959,-0.1609390687,27.46122541,0,0,0
259.5,51.5095303,-0.1609699625,25.3215746,0,0,0
260,51.5095584,-0.1609464873,29.39345444,0,0,0
260.5,51.50958536,-0.1609255597,17.59778341,0,0,0
261,51.50958993,-0.1609568333,19.68666848,0,0,0
261.5,51.50953669,-0.1609714899,36.52142493,0,0,0
262,51.50955066,-0.1609218483,27.06850516,0,0,0
262.5,51.5095878,-0.1609472481,28.66904266,0,0,0
263,51.50960819,-0.1609635962,25.38039525,0,0,0
263.5,51.50957933,-0.1609219268,29.90307988,0,0,0
264,51.50957846,-0.1609267469,23.88038791,0,0,0
264.5,51.50958174,-0.1609045743,29.1528714,0,0,0
265,51.50960629,-0.1609169465,22.27867659,0,0,0
265.5,51.50962752,-0.1609505382,25.84038896,0,0,0
266,51.50963022,-0.1609222674,26.31135483,0,0,0
266.5,51.50963747,-0.1609146638,24.62216108,0,0,0
267,51.50967157,-0.1609409406,23.14393984,0,0,0
267.5,51.50963411,-0.1609405423,29.76694055,0,0,0
268,51.5096258,-0.1609194233,34.66384077,0,0,0
268.5,51.50961629,-0.1609669776,23.27880465,0,0,0
269,51.50962714,-0.1609369687,25.06593179,0,0,0
269.5,51.50963897,-0.1609230177,31.80039903,0,0,0
270,51.50964419,-0.1609195639,21.8046288,0,0,0
270.5,51.50962756,-0.1609100303,32.84067823,0,0,0
271,51.50962901,-0.160913392,28.36417725,0,0,0
271.5,51.50963779,-0.1609146774,29.23532775,0,0,0
272,51.50965496,-0.16093234,28.55741047,0,0,0
272.5,51.50964286,-0.1608972351,24.583363,0,0,0
273,51.50961543,-0.1609544828,27.930544,0,0,0
273.5,51.509637,-0.1609455535,29.05498235,0,0,0
274,51.50964386,-0.1609283225,25.21927618,0,0,0
274.5,51.50964605,-0.1608747514,28.48497921,0,0,0
275,51.50963871,-0.1609708647,30.10919074,0,0,0
275.5,51.50964143,-0.1609101336,27.03913277,0,0,0
276,51.50962645,-0.1609330726,29.13924254,0,0,0
276.5,51.50961658,-0.1608920698,27.78200869,0,0,0
277,51.50961551,-0.1609254307,29.55976714,0,0,0
277.5,51.50962053,-0.1609294942,24.17813608,0,0,0
278,51.50957188,-0.1608823709,28.66033685,0,0,0
278.5,51.50957417,-0.1609228754,30.21401851,0,0,0
279,51.50957249,-0.1609026754,28.5595421,0,0,0
279.5,51.50961049,-0.1609207173,28.55462658,0,0,0
280,51.50955694,-0.1609326169,27.48194258,0,0,0
280.5,51.50956905,-0.1609273652,23.46342654,0,0,0
281,51.50954371,-0.1609139633,30.2661176,0,0,0
281.5,51.5095633,-0.1609530053,30.20846879,0,0,0
282,51.50954898,-0.1609570164,28.49194958,0,0,0
282.5,51.50957231,-0.1609231108,24.09486401,0,0,0
283,51.50954189,-0.1609021934,27.79433934,0,0,0
283.5,51.50954247,-0.1609067323,26.13688074,0,0,0
284,51.50951199,-0.1609349099,32.21524515,0,0,0
284.5,51.50950702,-0.1609019546,29.00509101,0,0,0
285,51.50951408,-0.1609289287,25.23475072,0,0,0
285.5,51.50951675,-0.160906342,24.68067484,0,0,0
286,51.50952958,-0.1609500502,24.14070163,0,0,0
286.5,51.50947147,-0.1608940498,28.55729633,0,0,0
287,51.5095222,-0.1609093046,20.04392959,0,0,0
287.5,51.50946043,-0.1609109858,20.94055094,0,0,0
288,51.50948004,-0.1609302165,24.7645972,0,0,0
288.5,51.50951085,-0.1609117045,19.95607298,0,0,0
289,51.50947344,-0.1609187388,30.4303885,0,0,0
289.5,51.50948143,-0.1609012561,27.34064394,0,0,0
290,51.5094553,-0.1609080159,24.52002763,0,0,0
290.5,51.50944694,-0.1609093823,29.45178772,0,0,0
291,51.50946302,-0.1609110312,24.91490284,0,0,0
291.5,51.50946704,-0.1609147811,24.75981064,0,0,0
292,51.50942273,-0.1609263465,31.75802955,0,0,0
292.5,51.50944148,-0.1609287254,24.17761177,0,0,0
293,51.5094419,-0.1609311753,23.48435508,0,0,0
293.5,51.50942882,-0.1609437319,24.82898661,0,0,0
294,51.50939671,-0.160926038,28.72258496,0,0,0
294.5,51.50941238,-0.1609418778,28.95193145,0,0,0
295,51.50943417,-0.1609394033,19.71817781,0,0,0
295.5,51.50939287,-0.1609298379,29.60468212,0,0,0
296,51.50941787,-0.1608946119,14.46679916,0,0,0
296.5,51.50938428,-0.1609311787,22.35038055,0,0,0
297,51.50939658,-0.1609213712,28.35530769,0,0,0
297.5,51.5093927,-0.1609387523,23.1358009,0,0,0
298,51.50937901,-0.1609472785,23.35705467,0,0,0
298.5,51.50935493,-0.1609194267,27.94815227,0,0,0
299,51.5093542,-0.1609206191,25.67946391,0,0,0
299.5,51.50938071,-0.1609165,28.57375568,0,0,0
300,51.50937862,-0.1609389088,27.27564163,0,0,0
300.5,51.50937301,-0.160948805,21.89142841,0,0,0
301,51.50930538,-0.1609010715,33.90619137,0,0,0
301.5,51.50933063,-0.1609199474,24.13534517,0,0,0
302,51.5093065,-0.160928879,29.54641594,0,0,0
302.5,51.50931662,-0.160888565,27.70019728,0,0,0
303,51.50930796,-0.1609345455,27.43568068,0,0,0
303.5,51.50931972,-0.1609086748,27.27426023,0,0,0
304,51.50928568,-0.1609492505,27.93488962,0,0,0
304.5,51.50932019,-0.1609505433,13.10264898,0,0,0
305,51.50932866,-0.1609786343,24.83508214,0,0,0
305.5,51.50928077,-0.1609251077,26.16676786,0,0,0
306,51.50928396,-0.1609312191,24.16113111,0,0,0
306.5,51.50926809,-0.1608948846,29.3918909,0,0,0
307,51.50929055,-0.1608961331,30.19384452,0,0,0
307.5,51.50929075,-0.1609805481,24.98844132,0,0,0
308,51.50925997,-0.1609047109,24.52451255,0,0,0
308.5,51.50929901,-0.1609422775,26.17752186,0,0,0
309,51.50929787,-0.1609172486,24.79885688,0,0,0
309.5,51.50929114,-0.1609066304,29.57970881,0,0,0
310,51.50930468,-0.1609711375,25.13329587,0,0,0
310.5,51.50926646,-0.1609147993,25.22942036,0,0,0
311,51.5092724,-0.1608571516,30.62162961,0,0,0
311.5,51.50928926,-0.1609195147,21.28885602,0,0,0
312,51.50927919,-0.1609116061,33.66272916,0,0,0
312.5,51.50931222,-0.1609256141,26.38328699,0,0,0
313,51.50928164,-0.1608523284,26.01869723,0,0,0
313.5,51.50927039,-0.1608647582,29.51103583,0,0,0
314,51.50931529,-0.1608991106,26.99224676,0,0,0
314.5,51.50929131,-0.1609251035,21.52250678,0,0,0
315,51.50932369,-0.1609231291,22.64317703,0,0,0
315.5,51.50929108,-0.1609252369,24.43236207,0,0,0
316,51.50928547,-0.1609043298,28.31921254,0,0,0
316.5,51.50931313,-0.1608928405,33.85963524,0,0,0
317,51.50929345,-0.1609247298,24.84050385,0,0,0
317.5,51.50933996,-0.160944607,24.31311398,0,0,0
318,51.50932854,-0.1608821631,19.2665472,0,0,0
318.5,51.50933449,-0.1609543778,21.37972999,0,0,0
319,51.50935118,-0.1609235381,25.13538828,0,0,0
319.5,51.50936345,-0.1609497535,32.4983313,0,0,0
320,51.50933201,-0.160922951,32.00047837,0,0,0
320.5,51.50936807,-0.1609611562,25.18026046,0,0,0
321,51.50937806,-0.1609316087,19.92498979,0,0,0
321.5,51.50936023,-0.1609252113,25.47333653,0,0,0
322,51.50936267,-0.1609008765,34.41560612,0,0,0
322.5,51.50937511,-0.1609219001,29.98707242,0,0,0
323,51.50938293,-0.1609249909,30.42138749,0,0,0
323.5,51.50937965,-0.1609354095,30.77869252,0,0,0
324,51.50939486,-0.1609151256,22.58191652,0,0,0
324.5,51.50939442,-0.160938177,23.33729668,0,0,0
325,51.50940963,-0.1609317089,23.02701827,0,0,0
325.5,51.50941957,-0.1609281734,24.70582313,0,0,0
326,51.50942458,-0.1609275513,23.67191062,0,0,0
326.5,51.50942023,-0.1608985032,25.62748954,0,0,0
327,51.50942077,-0.1609331383,28.05864437,0,0,0
327.5,51.5094259,-0.1609113139,24.10202195,0,0,0
328,51.50944436,-0.160921227,21.31707946,0,0,0
328.5,51.50945922,-0.1609105289,27.03604304,0,0,0
329,51.50944134,-0.1609494299,30.35150016,0,0,0
329.5,51.50945575,-0.1609481593,22.73860452,0,0,0
330,51.50942618,-0.1608939783,33.05088352,0,0,0
330.5,51.50949105,-0.1608789159,33.38808323,0,0,0
331,51.50947323,-0.1609181327,24.93244801,0,0,0
331.5,51.50949315,-0.1609600393,27.50534572,0,0,0
332,51.50949348,-0.1608946542,25.08253234,0,0,0
332.5,51.50948499,-0.1609218967,25.93652344,0,0,0
333,51.5094794,-0.1609400488,26.9687091,0,0,0
333.5,51.50951087,-0.1608800496,29.35447158,0,0,0
334,51.50951507,-0.1608502078,26.175566,0,0,0
334.5,51.50949881,-0.1609067383,27.23203645,0,0,0
335,51.50955702,-0.1609288804,18.67076959,0,0,0
335.5,51.50950391,-0.1608905324,28.56623583,0,0,0
336,51.50954287,-0.1608419326,28.50652342,0,0,0
336.5,51.50953977,-0.1608695848,27.7544249,0,0,0
337,51.50953859,-0.1609118184,27.09790117,0,0,0
337.5,51.50953537,-0.1609148839,27.66757345,0,0,0
338,51.50958235,-0.1608986521,20.94158742,0,0,0
338.5,51.50953198,-0.1608958637,25.03680326,0,0,0
339,51.50958,-0.1608979682,21.6235803,0,0,0
339.5,51.50957817,-0.1609186074,26.00855909,0,0,0
340,51.50956102,-0.160911518,26.76741588,0,0,0
340.5,51.50960144,-0.1609490215,25.17430347,0,0,0
341,51.50957207,-0.1608808248,29.46854321,0,0,0
341.5,51.50961439,-0.160914143,26.65050018,0,0,0
342,51.50962036,-0.1609504297,29.40537041,0,0,0
342.5,51.5095989,-0.1609159228,24.09945524,0,0,0
343,51.50959314,-0.1608824439,26.98445325,0,0,0
343.5,51.50961381,-0.160890788,29.38369057,0,0,0
344,51.50963402,-0.160916594,29.97450754,0,0,0
344.5,51.50962534,-0.1609214494,24.41962346,0,0,0
345,51.50966034,-0.1609128593,27.9678863,0,0,0
345.5,51.50964377,-0.1609401945,27.40219889,0,0,0
346,51.50962463,-0.160920905,30.03269855,0,0,0
346.5,51.50961477,-0.1609127989,31.32517627,0,0,0
347,51.5096203,-0.1608960422,29.48705121,0,0,0
347.5,51.50963201,-0.1609219477,26.12651586,0,0,0
348,51.50966034,-0.1609173884,25.3209785,0,0,0
348.5,51.50964811,-0.1609164179,26.3087282,0,0,0
349,51.50962944,-0.1609149206,29.7006399,0,0,0
349.5,51.50963876,-0.1609102522,26.90583885,0,0,0
350,51.50962598,-0.1608943253,21.41843451,0,0,0
350.5,51.50964791,-0.1609087915,36.26378553,0,0,0
351,51.50963854,-0.1609090152,29.03611638,0,0,0
351.5,51.50965274,-0.1608956521,24.90870028,0,0,0
352,51.50961719,-0.1609270507,26.46362524,0,0,0
352.5,51.50961386,-0.1609068689,29.18026923,0,0,0
353,51.5096191,-0.1609108469,28.94010479,0,0,0
353.5,51.5096476,-0.1609014309,28.38633527,0,0,0
354,51.5096333,-0.1609161233,25.64850639,0,0,0
354.5,51.50962689,-0.1609193553,28.99965795,0,0,0
355,51.50962598,-0.1609144309,25.12022357,0,0,0
355.5,51.50963016,-0.1609057124,22.93037618,0,0,0
356,51.50959753,-0.160896659,28.30070189,0,0,0
356.5,51.50959655,-0.1609001393,26.72545901,0,0,0
357,51.5095674,-0.1609106304,31.03836914,0,0,0
357.5,51.50958889,-0.1609054824,22.19009825,0,0,0
358,51.50958547,-0.1608614913,26.63630909,0,0,0
358.5,51.50956148,-0.1609019386,32.2229212,0,0,0
359,51.50958278,-0.1608871925,24.9054081,0,0,0
359.5,51.50954393,-0.1608350301,28.24420549,0,0,0
360,51.50954412,-0.1609249502,28.16255371,0,0,0
360.5,51.50954879,-0.1608869861,26.77987671,0,0,0
361,51.50953392,-0.1609259942,27.19882209,0,0,0
361.5,51.50954255,-0.1608955537,26.53891495,0,0,0
362,51.509524,-0.1608875534,28.88906547,0,0,0
362.5,51.50953492,-0.1609020977,25.49349208,0,0,0
363,51.50951524,-0.160886525,32.50570062,0,0,0
363.5,51.5095273,-0.1608761043,21.78276972,0,0,0
364,51.50948966,-0.1608879497,26.27952598,0,0,0
364.5,51.50951376,-0.160913229,23.67229405,0,0,0
365,51.50949816,-0.1608658126,25.30153888,0,0,0
365.5,51.50949359,-0.1609048273,26.89717594,0,0,0
366,51.50951031,-0.1609244032,28.01547586,0,0,0
366.5,51.50948,-0.1609068828,22.6037136,0,0,0
367,51.5094846,-0.1609566658,28.26747958,0,0,0
367.5,51.50944202,-0.1608981254,32.50418637,0,0,0
368,51.50946153,-0.1609108632,24.93050223,0,0,0
368.5,51.50945197,-0.16087806,31.32898276,0,0,0
369,51.50943867,-0.160922531,25.86578465,0,0,0
369.5,51.509461,-0.1609222407,24.94820591,0,0,0
370,51.50943706,-0.1608599404,27.66927601,0,0,0
370.5,51.50944601,-0.1609194378,22.31000775,0,0,0
371,51.50941466,-0.1608867693,29.48391427,0,0,0
371.5,51.50941409,-0.1608856182,27.26045174,0,0,0
372,51.50940058,-0.1608962206,20.85683514,0,0,0
372.5,51.50943621,-0.1609045877,22.50983853,0,0,0
373,51.50943525,-0.1608709103,24.32956439,0,0,0
373.5,51.50940512,-0.1608993924,23.33028445,0,0,0
374,51.50938075,-0.1608537961,36.01708328,0,0,0
374.5,51.50941808,-0.160936793,22.24609587,0,0,0
375,51.50934943,-0.1609215373,31.68321649,0,0,0
375.5,51.50935998,-0.1609268451,27.96099415,0,0,0
376,51.50936294,-0.1608623276,21.48911259,0,0,0
376.5,51.50939392,-0.1608782472,22.7899727,0,0,0
377,51.50934335,-0.1609135494,28.11672912,0,0,0
377.5,51.50933939,-0.1608975855,26.90909706,0,0,0
378,51.50934356,-0.1609357073,29.7246744,0,0,0
378.5,51.50935985,-0.1609398358,22.33590374,0,0,0
379,51.50934598,-0.1609430043,27.34215287,0,0,0
379.5,51.50932637,-0.1608971953,28.75848029,0,0,0
380,51.50932715,-0.1608711036,22.5664515,0,0,0
380.5,51.50930683,-0.1608854564,26.54411071,0,0,0
381,51.5093347,-0.1608722217,24.93661736,0,0,0
381.5,51.50932934,-0.1608959185,26.05471151,0,0,0
382,51.50930475,-0.1608880229,34.52430991,0,0,0
382.5,51.50931514,-0.1609327813,30.26735815,0,0,0
383,51.50931421,-0.160896004,27.73749032,0,0,0
383.5,51.50929438,-0.1608627572,29.43339874,0,0,0
384,51.50929566,-0.1609165563,21.49980703,0,0,0
384.5,51.50929065,-0.1608972018,27.48541837,0,0,0
385,51.50927676,-0.160930984,26.44909835,0,0,0
385.5,51.50927308,-0.1608962346,29.06308231,0,0,0
386,51.50926532,-0.1608449098,34.30678582,0,0,0
386.5,51.50928467,-0.1608626267,30.41012573,0,0,0
387,51.50930577,-0.1609241958,21.62460913,0,0,0
387.5,51.50927229,-0.1609272952,29.92099171,0,0,0
388,51.50927454,-0.1609228617,27.33884281,0,0,0
388.5,51.50927211,-0.160876451,27.59157809,0,0,0
389,51.50929028,-0.1609137875,23.33843727,0,0,0
389.5,51.50928194,-0.1609151378,28.90742574,0,0,0
390,51.50928783,-0.1608840088,20.75385145,0,0,0
390.5,51.50929825,-0.1609350703,24.56336385,0,0,0
391,51.50926786,-0.1608763185,34.82052071,0,0,0
391.5,51.50928504,-0.1608723419,27.5506974,0,0,0
392,51.50927044,-0.1609181396,33.97222029,0,0,0
392.5,51.50929809,-0.1609177188,34.07458971,0,0,0
393,51.50928416,-0.1608877363,25.98804041,0,0,0
393.5,51.50931101,-0.1609097671,26.55456956,0,0,0
394,51.50934224,-0.1608920004,23.45301072,0,0,0
394.5,51.50930634,-0.1608712043,28.26512998,0,0,0
395,51.50930693,-0.1608531702,24.89128307,0,0,0
395.5,51.50929782,-0.1609221923,28.25575332,0,0,0
396,51.50934213,-0.1609093675,20.03960634,0,0,0
396.5,51.50933485,-0.1608659365,32.1907145,0,0,0
397,51.50933619,-0.16087778,28.61285481,0,0,0
397.5,51.50933855,-0.1608480174,26.04412518,0,0,0
398,51.50937258,-0.1609036894,27.16689315,0,0,0
398.5,51.50937321,-0.1608812274,27.39854199,0,0,0
399,51.50932113,-0.1608642923,37.41754226,0,0,0
399.5,51.50937057,-0.1609052239,23.87628211,0,0,0
400,51.50936135,-0.1609034393,29.38471885,0,0,0
400.5,51.50940092,-0.1608560964,26.15209176,0,0,0
401,51.50937734,-0.1609045969,29.52494678,0,0,0
401.5,51.50937904,-0.160908265,25.72030927,0,0,0
402,51.50940188,-0.1608514691,26.47860532,0,0,0
402.5,51.50943523,-0.1609239902,18.34185603,0,0,0
403,51.50941855,-0.1608853814,25.38872724,0,0,0
403.5,51.50944491,-0.1608985242,18.29239439,0,0,0
404,51.5094021,-0.1608234469,27.21009938,0,0,0
404.5,51.50940578,-0.1609053718,21.53427701,0,0,0
405,51.50943124,-0.1608599165,28.58018586,0,0,0
405.5,51.5094604,-0.160908148,28.02047411,0,0,0
406,51.50941489,-0.1608923921,32.81006829,0,0,0
406.5,51.50946246,-0.1608522908,22.59805494,0,0,0
407,51.50944254,-0.1608860922,27.46595365,0,0,0
407.5,51.50945742,-0.1608842082,26.582944,0,0,0
408,51.50943733,-0.1608520988,26.96184875,0,0,0
408.5,51.50947405,-0.1608767817,26.69350907,0,0,0
409,51.50948112,-0.1608949127,33.51134519,0,0,0
409.5,51.50948926,-0.1609084512,19.74187333,0,0,0
410,51.50949273,-0.160902026,24.04558833,0,0,0
410.5,51.50950016,-0.1608527162,27.83049964,0,0,0
411,51.50948976,-0.1609025199,30.87448899,0,0,0
411.5,51.50950539,-0.1608707531,23.52196181,0,0,0
412,51.50953774,-0.1609034556,18.45734635,0,0,0
412.5,51.50946942,-0.160888793,30.08236882,0,0,0
413,51.50950592,-0.1608567448,32.52885897,0,0,0
413.5,51.50952056,-0.1608786258,32.11478623,0,0,0
414,51.50952686,-0.1609064812,23.13328043,0,0,0
414.5,51.50951013,-0.1608634843,28.40372868,0,0,0
415,51.50956279,-0.1608922462,25.17359452,0,0,0
415.5,51.50954404,-0.1609546825,24.86206319,0,0,0
416,51.5095421,-0.1609089207,33.88810221,0,0,0
416.5,51.50957848,-0.1608897816,25.95580906,0,0,0
417,51.50957562,-0.1608767135,26.56932888,0,0,0
417.5,51.50959366,-0.1608723672,29.05252145,0,0,0
418,51.50958907,-0.1609481269,23.47591751,0,0,0
418.5,51.50959479,-0.1608906786,24.55507649,0,0,0
419,51.50959867,-0.1608787565,25.33614464,0,0,0
419.5,51.50959867,-0.1608983803,29.0124625,0,0,0
420,51.50956657,-0.160863547,31.93507827,0,0,0
420.5,51.50959103,-0.1608687055,24.25304387,0,0,0
421,51.50962111,-0.1608850587,28.75247033,0,0,0
421.5,51.50960516,-0.1608820842,26.31168331,0,0,0
422,51.50963363,-0.1608763666,28.0007816,0,0,0
422.5,51.50962109,-0.1609179488,27.12602911,0,0,0
423,51.5096502,-0.1608899413,22.43314923,0,0,0
423.5,51.50963395,-0.1609240697,26.0681025,0,0,0
424,51.50963409,-0.1608822505,19.25302453,0,0,0
424.5,51.50964341,-0.1608958851,24.87061086,0,0,0
425,51.5096259,-0.1608707857,25.28829485,0.0004814647009,-0.01053222294,0.009476214458
