0,51.5092869600282,-0.161032665924374,-3.32218715498992e-06,1.22967648607828e-05,-1.542892291
0.5,51.509286915542,-0.161032662503975,-0.0169205162995614,0.000802061272428101,-1.94396574333852
1,51.5092874992478,-0.161032687086818,0.232678475449868,-0.00639877465883794,-2.17313898650024
1.5,51.5092892515025,-0.161032658549831,0.500121783038678,0.0112604162133466,-2.86066133790253
2,51.5092918593515,-0.161032662897211,0.635978321539003,-0.00905253477563898,-3.7716135825402
2.5,51.5092953663906,-0.16103266406957,0.881007527291126,0.00596414885671962,-4.08662552942755
3,51.509299997691,-0.161032608981679,1.13464601800719,0.0086854208158877,-4.03488335383131
3.5,51.5093052141094,-0.161032506863393,1.17813378796795,0.0185687160331723,-4.38406649392777
4,51.509311172822,-0.161032689622349,1.43420734356607,-0.0573511618067012,-5.23755574373508
4.5,51.5093168403492,-0.161032988774865,1.13623125687882,-0.0313611587062198,-5.50625136001879
5,51.5093223186654,-0.16103304503219,1.27876700895385,0.00912343335521097,-5.67153099985146
5.5,51.5093282354448,-0.161033017207393,1.34832942196118,0.00160280003990633,-6.10554500499126
6,51.5093343613248,-0.161033100479427,1.38290375484105,-0.0239161838449438,-6.80877225888448
6.5,51.5093404022032,-0.161033017366912,1.32243065954802,0.0369700447436001,-7.22926675994392
7,51.509346069266,-0.161032858782105,1.21245142031905,0.0130957066711675,-7.48952051269355
7.5,51.5093519550979,-0.161032797341181,1.39166284083647,0.00452638554747146,-7.78780376451183
8,51.5093578272687,-0.161032859073603,1.24765077848433,-0.0208918299940164,-7.886382318853
8.5,51.5093637359962,-0.161033226751404,1.38025967796268,-0.0843090058776015,-8.10442380837924
9,51.5093694602821,-0.161033548969385,1.18591371161093,-0.0232657092236718,-8.39457583284566
9.5,51.5093753247799,-0.161033172114558,1.41560366463463,0.122576798989344,-8.40948786409881
10,51.5093810758337,-0.161032406185668,1.16858041400636,0.111602204148841,-8.60237932719137
10.5,51.5093866737363,-0.161032019144032,1.31522599868878,0.0108005900405108,-9.10877982522605
11,51.5093922649466,-0.161031840833446,1.16401533592105,0.0450924241546589,-9.73593918152285
11.5,51.5093979853601,-0.161031690437513,1.38832934418803,-0.00567335161675668,-10.3549010880891
12,51.5094037158162,-0.16103171533983,1.16385163088367,-0.00171024663131849,-10.8760502560238
12.5,51.5094093929111,-0.161031736464181,1.38753403044655,0.00507554624746743,-11.1026174241903
13,51.509415140177,-0.161031776444612,1.17902554875272,-0.0195965237479339,-11.7441007245129
13.5,51.5094207772933,-0.161031937011488,1.35700998585933,-0.0456197526031979,-12.3104872582672
14,51.509426473529,-0.161032124899991,1.16449286237819,-0.0297502804685548,-12.7680854992038
14.5,51.5094320438181,-0.161032238475628,1.33305315739387,0.0191926533960241,-13.1140671497725
15,51.5094376126065,-0.161032346548014,1.09680805981074,-0.0432783304869559,-13.3978128164387
15.5,51.5094430249262,-0.161032744693773,1.3428843208238,-0.11846267479065,-14.2414479203971
16,51.5094487399115,-0.161033230273188,1.2366288989124,-0.0602712835212889,-14.8699344772402
16.5,51.5094543824626,-0.161033439176353,1.31337852706778,-0.00498548025134514,-14.9368916665708
17,51.5094600933254,-0.161033505452832,1.29145881021315,-0.0255248254598816,-14.6831298247183
17.5,51.509465874862,-0.161033666102374,1.36954758361815,-0.0573777318961928,-14.7246969092523
18,51.5094716994686,-0.161033866663414,1.22839793202934,-0.0309324633076414,-14.9072377149775
18.5,51.5094773425324,-0.161034009735771,1.39261367069114,-0.0184285636370584,-14.7538494980215
19,51.5094831333912,-0.161034080711622,1.12503858565662,-0.018703874827027,-14.394701304867
19.5,51.5094886533205,-0.161034056853142,1.47772302350141,0.045371124560264,-14.7232162291767
20,51.509494651212,-0.161033848419448,1.11200936345755,0.0451944180456548,-15.0799069454833
20.5,51.5094999999556,-0.1610337038113,1.28550646740598,-0.0120235474797883,-15.125593593286
21,51.5095056285419,-0.161033685495647,1.19798666524692,-0.0143446198058006,-15.5369254588388
21.5,51.509511104648,-0.161033681496271,1.30621002539755,0.06788141886939,-15.5539779947094
22,51.5095167947781,-0.161033565817442,1.16317242449392,0.00586150855551388,-15.5712401404943
22.5,51.5095222098555,-0.161033638654187,1.19941781570135,-0.0637814912421881,-15.9064579215793
23,51.5095277522655,-0.161033909060695,1.25945090955892,0.0398903434701653,-15.5504033773328
23.5,51.5095333056361,-0.161033728144174,1.16846229344146,0.0304562853805138,-15.5199854003819
24,51.5095387276237,-0.1610335910165,1.31504905393353,-0.0458972173955826,-15.3356004030393
24.5,51.5095444131586,-0.161033759380931,1.21161647770073,-0.0125953125001152,-15.4997936706421
25,51.5095499316189,-0.16103384991023,1.33394839274398,0.0404471165181886,-15.7384065821208
25.5,51.5095556781227,-0.16103390992052,1.27950683019309,-0.00868851694424886,-15.7918800612352
26,51.5095613607541,-0.161033969076986,1.26585392095974,-0.00269363782305744,-15.8059794460319
26.5,51.5095670003181,-0.161034043356626,1.23873980315368,-0.0727799260535552,-15.8939677957009
27,51.5095724904225,-0.161034291273427,1.27308583707359,-0.038878152526277,-15.8609859139269
27.5,51.5095781088134,-0.161034693378645,1.26477853643248,0.0794376698006112,-15.8009754310231
28,51.5095837117756,-0.161034646145357,1.30247664636545,0.00249900139829196,-15.740721634369
28.5,51.5095894052811,-0.161034824256676,1.2430049034884,-0.00460429615257535,-15.4853202594952
29,51.5095949715795,-0.161035013206302,1.28063522209558,-0.0688794708987402,-15.2720170730769
29.5,51.5096005903313,-0.161035315965117,1.26853579245771,-0.0814370356821785,-14.5555234408136
30,51.5096062277113,-0.161035568886209,1.27706499287957,-0.0469876637914515,-14.0084681816962
30.5,51.5096118740643,-0.161035740216472,1.30396926772201,-0.0425946374450386,-14.1066183822061
31,51.5096176332755,-0.161035989452225,1.23493682612353,0.0424494181808966,-13.6283186998188
31.5,51.5096232076345,-0.161035871900345,1.23318460190137,-0.00644883609733618,-13.2716085614726
32,51.5096287495391,-0.161036061878786,1.24986750663946,0.0573379484141757,-12.5100666231803
32.5,51.5096337236354,-0.161036010244324,1.18278230433737,-0.00473927718948188,-12.8326788153149
33,51.5096380262992,-0.161036041349987,0.817875358235392,-0.0798646882064961,-13.4406067850512
33.5,51.5096408453085,-0.16103644988909,0.761295416288526,-0.0205999100881542,-12.6794489879288
34,51.5096430403747,-0.161036605171717,0.305605910950716,0.00600464593269318,-12.1508006528179
34.5,51.5096443611071,-0.161036381099148,0.143786029740841,0.0557221668024915,3.24566759913592
35,51.5096452859143,-0.161035766671573,0.278841483894314,0.138585297782743,18.566824312125
35.5,51.50964643557,-0.161034639699027,0.0871337549847033,0.152344421854147,34.0020255898327
36,51.5096468739516,-0.161033475558093,0.188732411537003,0.290828325325603,49.6228206979681
36.5,51.5096475344463,-0.161031669864952,-0.0228835702885952,0.214355806935815,64.7964234255875
37,51.5096475538334,-0.16103036354708,0.0312413558522008,0.375488567813556,79.6540263431752
37.5,51.5096475941603,-0.161028088919083,-0.123143986743856,0.142455271050535,94.259055362602
38,51.5096471092162,-0.161026854535818,-0.13043927571286,0.329211746430498,108.867239061952
38.5,51.509646513425,-0.161024978551464,-0.172024982667549,0.09885949166609,123.851403198018
39,51.5096456149813,-0.161024226361854,-0.217275482487985,0.195305148026479,138.461437278792
39.5,51.509644710114,-0.161023220611488,-0.30018852681947,0.037456869899545,154.258157297144
40,51.509643440332,-0.161023016994486,-0.200061305313589,0.010114528154453,169.935195198718
40.5,51.5096417410056,-0.161022823337306,-0.414330793301256,-0.00943407732067794,170.256038040098
41,51.5096390384404,-0.161023037482814,-0.674702749420795,0.0122674966665449,170.371961554824
41.5,51.5096350903327,-0.161022847413217,-0.850036397117437,-0.0726442462438888,171.008974899384
42,51.5096303158296,-0.161022927371674,-1.13718583642023,-0.0868667003391003,171.444598098879
42.5,51.50962504691,-0.161023283538928,-1.31123539057997,0.0741750432276082,171.248638104893
43,51.5096195497774,-0.16102308248558,-1.4037951738536,0.0670994287675655,171.209470282723
43.5,51.5096137214484,-0.161022804487127,-1.26841903708001,-0.0508871252189051,171.599189861471
44,51.5096083148049,-0.161023097195257,-1.39264940555055,0.00548839200674058,171.959721265168
44.5,51.5096026291055,-0.16102303497527,-1.31712534957372,-0.0172230728669106,172.323654338529
45,51.5095968967199,-0.1610230215722,-1.28157651141306,0.023427546493145,172.581482247906
45.5,51.5095912071054,-0.161023026292126,-1.22188103140191,0.00317940418031468,172.815288648442
46,51.5095858322384,-0.161022864982789,-1.41293109136128,-0.0608405791348683,173.121539366844
46.5,51.5095799869038,-0.161023316346874,-1.20819908269655,0.0230738095709235,173.378128159244
47,51.5095744767977,-0.161023583042649,-1.29828013688233,0.0537706501820034,173.490216054977
47.5,51.5095687691301,-0.16102370543864,-1.18438685770219,0.0403813999619179,173.310100903391
48,51.5095633251921,-0.161023798430809,-1.26586014375133,0.00636389767006099,173.658937365029
48.5,51.5095578056121,-0.161023666507389,-1.37407433511352,-0.0573632389417946,173.897680859815
49,51.5095520525891,-0.16102383560538,-1.27724384777471,-0.0697387302252156,173.963835543438
49.5,51.509546429993,-0.161024064082791,-1.29008876169134,0.08155290406093,173.259213165634
50,51.5095407440235,-0.161023692782562,-1.31181988121973,-0.0487029719681399,173.131772003603
50.5,51.5095350425817,-0.161023794169009,-1.27994006367966,0.0135905644798952,173.061641872308
51,51.5095293111444,-0.161024017573269,-1.28279265928596,0.118818718501355,173.268660743129
51.5,51.509523665353,-0.161023548619865,-1.28123085531867,-0.0246829504560888,173.656734783766
52,51.5095179098041,-0.161023327874371,-1.16658055889185,-0.0717831517903573,173.992873422011
52.5,51.5095126230377,-0.161023557934659,-1.32894790437919,0.0296337931804768,174.442837703165
53,51.5095069446393,-0.161023503049177,-1.2648674529307,-0.00968676951356436,175.024346558493
53.5,51.5095010819772,-0.161023243990232,-1.17505067851577,-0.111376447523161,175.243200816807
54,51.509495781606,-0.161023493763794,-1.40525391112599,-0.052843028996775,175.286298654518
54.5,51.509489673087,-0.161023610287328,-1.14527999791257,-0.0342639526232471,175.536891917359
55,51.5094843416012,-0.161023886797644,-1.37628886125581,0.059906079503648,175.497909395233
55.5,51.5094785862962,-0.161023658239463,-1.29597254382956,0.0385554240413187,174.877461433484
56,51.5094727695627,-0.161023642341144,-1.20100766499995,0.0274728182366328,174.361016494603
56.5,51.5094675262139,-0.161023631652181,-1.39899353630842,0.0653951687362042,174.449549620766
57,51.5094616153807,-0.161023422035084,-1.22460239857632,0.00590511701668031,174.094495549985
57.5,51.509456334173,-0.161023147146138,-1.42735049394223,-0.0217454954982663,173.781715348382
58,51.5094503926585,-0.161023064576874,-1.23976251131622,0.114028864595519,173.011480957576
58.5,51.5094448369665,-0.16102277655374,-1.28360640000765,0.106258901597782,173.858247246538
59,51.5094391153868,-0.161022333977698,-1.31028137421598,-0.0255915568686194,174.41291105709
59.5,51.5094334499245,-0.161022458292325,-1.3235436257708,0.0610326233862832,174.82702993839
60,51.5094276715717,-0.161022092320132,-1.24515385125445,-0.0138880249611968,175.531809024293
60.5,51.5094221699396,-0.161022155439769,-1.36715852861752,-0.0185607572116053,176.148776227683
61,51.5094164081694,-0.161022572623598,-1.29388821286292,0.0643566000523978,176.25108568695
61.5,51.5094107287212,-0.161022552269799,-1.24210574657685,-0.0292312377616322,177.107135105615
62,51.5094051733617,-0.16102276319303,-1.29574439105824,-0.0313772364611378,177.516924861959
62.5,51.5093994896082,-0.161022948170341,-1.27389923831213,0.0114942743273635,177.152227312549
63,51.5093938541381,-0.161022845113418,-1.28257490510804,-0.117727770115183,177.548691709996
63.5,51.5093881858379,-0.161023069279303,-1.30861963122678,-0.0675847482218178,177.352811087453
64,51.5093824723822,-0.161023401538929,-1.25963482948825,-0.04163604228842,177.157084177064
64.5,51.5093767761469,-0.161023449846435,-1.17576714547724,-0.0791555036436591,176.583652849808
65,51.509371313731,-0.161023685101273,-1.3203556221381,-0.0168178489780535,175.476605980019
65.5,51.5093656030874,-0.161023475574862,-1.25288833109444,0.00257172844734487,175.356502493979
66,51.5093599667508,-0.16102316493852,-1.24902760113603,0.015087237521099,175.470325062693
66.5,51.5093543573078,-0.161023012575474,-1.28507803949313,0.0108079705362274,176.260899372377
67,51.509348750632,-0.161022981867407,-1.2419675473686,0.0149162076838253,176.813087271379
67.5,51.5093430546006,-0.161023141302234,-1.18674649438421,0.059435399914679,177.176135061966
68,51.5093378603038,-0.161022932379254,-1.37488880754818,-0.00604337782932758,177.309810046561
68.5,51.5093319100506,-0.161022867612617,-1.14295005581502,-0.0364316582051303,177.388440563049
69,51.5093267001535,-0.161023198497039,-1.37016290254859,0.0675607353648074,177.431526561754
69.5,51.5093206489025,-0.161022957190951,-1.12719509732534,-0.018881737851864,177.161848088573
70,51.5093154320316,-0.161022928921565,-1.39947863152798,-0.0232179395687739,176.974257749981
70.5,51.5093094357289,-0.161023055206973,-1.22406690168071,0.02988893883895,177.650796954956
71,51.5093038751094,-0.161023073449355,-1.27756935817694,0.0557804138399632,177.455227836869
71.5,51.509299124172,-0.161022865393537,-1.24937586892223,-0.0473088092905001,177.149159673854
72,51.5092947951234,-0.161022923710051,-0.889771215588895,0.00467314912310687,176.730915079177
72.5,51.5092917593456,-0.16102292076305,-0.594135867406707,0.053126849733415,176.289460312871
73,51.5092901940758,-0.161022647214279,-0.539056023955321,0.00429351114719634,176.245717700767
73.5,51.5092883465454,-0.161022322284165,-0.0916831346991319,0.0702352659400869,161.405971893729
74,51.509287777387,-0.161021734887942,-0.317168286828211,0.139157306984332,146.401162247114
74.5,51.5092864432515,-0.161020648686177,-0.00746355402900374,0.12214097569996,131.873548741909
75,51.509286107996,-0.161019099564572,-0.139071839083847,0.173897004440114,116.886106127897
75.5,51.5092856364423,-0.1610179693674,-0.0382335483000303,0.385685405004908,101.760086173911
76,51.5092855021771,-0.161015429744358,0.0396876626548266,0.154604415035049,86.6676470010552
76.5,51.5092856970482,-0.1610141578354,0.0815609228967211,0.314724464834283,72.4996981485998
77,51.5092861032336,-0.161012134826112,0.167711718920302,0.205460425264515,57.7459241279936
77.5,51.5092868825486,-0.161010431196597,0.129979311444847,0.0994052700114503,42.9780779927547
78,51.5092874514147,-0.161009505731296,0.312294939515973,0.180331019984691,28.4361802789111
78.5,51.5092884537365,-0.161008532822474,0.280311351194275,0.0507241088906007,13.7195173289678
79,51.5092893412316,-0.161008399707378,0.310927475553821,0.0297647055895502,-0.836056630036568
79.5,51.5092912464321,-0.161008213303727,0.350126547516121,-0.0142619712542992,-1.27340373611914
80,51.5092936432902,-0.161008256514135,0.731349858212548,0.00236674859467984,-1.7190610400882
80.5,51.5092976992459,-0.16100804939285,0.840732372687342,-0.0382348234168636,-1.42530127072647
81,51.5093024443998,-0.161008328069312,1.1751014663364,0.00471976072172453,-1.52522994973684
81.5,51.5093078429666,-0.161008452685413,1.28061710218749,-0.00324265142133541,-1.25981816012844
82,51.5093133045157,-0.161008656546518,1.3888018369148,0.0179044997921611,-1.01384781935316
82.5,51.5093193279427,-0.161008760497045,1.2267377891972,0.00521308190530976,-1.0001646324069
83,51.5093246694968,-0.161008592245718,1.38623713444066,-0.0754650928760805,-1.13476264811845
83.5,51.5093305772875,-0.161008701054762,1.18799231133242,-0.0407800470082038,-0.925245465370572
84,51.5093359410737,-0.16100921946249,1.34344015973416,0.0382214308195366,-0.661856756188218
84.5,51.5093416297964,-0.161009333953414,1.34948399934032,0.00878697740545222,-0.790939070124055
85,51.5093474395573,-0.161009315012166,1.30920265446964,-0.00249461598844606,-1.00023765416843
85.5,51.5093530523269,-0.161009160432383,1.30067971724069,-0.0244119154246228,-0.516252834949416
86,51.5093588123781,-0.16100896405556,1.25474389975465,-0.0218737383491557,-0.479607986268138
86.5,51.5093642366356,-0.161009103207444,1.31750858006394,0.0551525480813517,-1.02870551256407
87,51.5093697578115,-0.161008796590033,1.30094204657951,-0.0637637195634987,-1.76560384075611
87.5,51.5093753653813,-0.161009176600803,1.29343755122048,-0.0553295729949002,-1.56385007007747
88,51.509381062427,-0.161009766966454,1.28169545142056,0.0487418466266436,-1.26808654687152
88.5,51.5093865363706,-0.161009996677251,1.35384339324484,0.0337437602749135,-1.04912268819513
89,51.5093923662222,-0.161009966372012,1.23410505978268,-0.0195032512466955,-1.15463635925194
89.5,51.5093978044034,-0.161010114834949,1.33327305738306,-0.0289267115233077,-0.703152550363394
90,51.5094034511852,-0.161010197951744,1.29399336488594,0.0343407074000857,-0.0354389836729943
90.5,51.5094089828881,-0.161010276497413,1.30092813886012,0.0283689818553471,-0.314691179200785
91,51.5094146667875,-0.161010038960338,1.29316576043976,-0.0541724434745467,-0.0639780397173765
91.5,51.5094202122709,-0.161010315157765,1.29642670662619,-0.0348109877649906,-0.318838435504598
92,51.5094259196079,-0.161010332571177,1.2252762267772,-0.0466997050415976,-0.569475621496728
92.5,51.5094311663211,-0.161010603065329,1.38965713853952,-0.0360517073503971,-0.450223669863989
93,51.5094371300509,-0.1610107852939,1.17197811926727,-0.0244981434206075,-0.495283713000274
93.5,51.5094421806686,-0.161010771835099,1.47186893569679,-0.030745455046814,-0.357255419117642
94,51.5094483693107,-0.161010976548418,1.2225010742202,0.0888427952333909,-0.0515075207868602
94.5,51.5094537437973,-0.161010724493647,1.34404031289295,0.0239697078105842,0.528837399377479
95,51.5094595403885,-0.16101040348013,1.22589308527564,0.0119549697614696,1.15305731324143
95.5,51.5094651004415,-0.161010260870742,1.27350891093021,-0.0475184679737604,0.918521638158632
96,51.5094707074307,-0.161010364406971,1.22283923151887,-0.0492008606144895,0.629922378067304
96.5,51.509476074371,-0.161010434956296,1.34142364163774,0.0108859727981346,0.824623055554675
97,51.5094817922076,-0.161010389949672,1.28721390532467,0.0660873276501835,1.20922640582351
97.5,51.5094876835093,-0.161010281143366,1.20691277241116,0.0518278029075759,1.28672148066802
98,51.5094932118169,-0.161010070285616,1.28265471522012,0.02540530896897,1.63311072801905
98.5,51.5094989553715,-0.161009903002369,1.19702050710547,0.0292240356072474,1.92243711145624
99,51.5095042479676,-0.161009590003388,1.35623587956368,0.0363233990263307,1.94292752267168
99.5,51.509510117386,-0.161009129674299,1.19315248442867,0.00687723534357553,1.88438141894962
100,51.5095155021099,-0.161009007593894,1.32315827774928,-0.0473589186370136,1.22549586185402
100.5,51.5095214937021,-0.161009048392153,1.098929535511,0.00279679130653751,1.02303172871848
101,51.5095264265345,-0.161009205805604,1.44036304941659,0.000208354610438923,0.649228521851559
101.5,51.509532467176,-0.161009221631197,1.1481712588748,0.0119258062196574,0.863278178794883
102,51.5095378657413,-0.161009234768394,1.2516853696824,0.0346815892447425,0.682247542732482
102.5,51.5095434252513,-0.161009024819434,1.34568878529674,-0.058253872647597,0.578027109661586
103,51.5095492647019,-0.161008928674196,1.24510059246126,-0.00319739950421204,0.663556185003878
103.5,51.5095551297289,-0.161008950908054,1.13263730410579,-0.0394392943726954,0.135512473783528
104,51.5095605311603,-0.161009069988167,1.29768333231287,-0.0676399173807092,-0.246447522481379
104.5,51.5095664125507,-0.16100938972813,1.10085151749585,-0.0362140215418522,-0.355482772819628
105,51.5095715529482,-0.161009609780823,1.3742315998387,-0.0340448513046572,-0.201752231472399
105.5,51.5095777437494,-0.161009889409685,1.10088028091446,-0.0216630887888936,-0.42749499886373
106,51.509582865538,-0.161009873873277,1.42681369895498,-0.0477402517743015,-0.08762538060829
106.5,51.509588969513,-0.161009992529595,1.18100057613004,-0.0187241497130701,-0.199947736443283
107,51.5095944436518,-0.16101005464957,1.26924604630083,0.00777963005262926,0.409843120087345
107.5,51.5096000502133,-0.161009866928928,1.32351158536004,-0.0355797045989215,0.573117224913441
108,51.5096060794792,-0.161009811030226,1.11847392674929,-0.0543453080094533,0.704479380581824
108.5,51.5096113536908,-0.161009842534549,1.36215209038861,-0.073902481909845,-0.0669285103320822
109,51.5096172693104,-0.161009874132911,1.25602335034565,-0.101677299832895,-0.0977414973244998
109.5,51.5096226814823,-0.161010253769008,1.3812369629152,-0.00283969330530568,0.0118666727094119
110,51.509628670178,-0.161010556943945,1.22685095026732,0.00435438019536678,-0.730144824679595
110.5,51.5096335652956,-0.161010800129248,1.19619451690932,0.0118937734604466,-0.994272994393627
111,51.5096377128946,-0.161010875771854,0.955566867207645,-0.0261911164767536,-1.62112936654877
111.5,51.5096409430967,-0.161010900919492,0.574164997618816,-0.0550638506491661,-1.26402474966297
112,51.5096425442291,-0.161011211486939,0.42975052564243,-0.0111193875391817,-0.923593770599945
112.5,51.5096438733224,-0.161011150307643,0.26645911996903,0.0714692290514953,14.2986512451189
113,51.5096450730842,-0.161010338679919,0.152716204155217,0.109635234397013,29.7763287171288
113.5,51.5096457871008,-0.161009132478646,0.133068761417887,0.161526832580331,45.0435594321253
114,51.5096465763345,-0.161007907628678,0.0747654303220728,0.216098887709362,60.5899844024229
114.5,51.5096468986147,-0.161006823906624,0.119509314176737,0.439389852684266,75.4785515886308
115,51.5096473018316,-0.161004038412553,-0.0723988164695144,0.112018436618622,90.4813338993937
115.5,51.5096470610522,-0.161003135851956,-0.0490230444349217,0.358962896687631,105.107099026715
116,51.5096467202132,-0.16100097931433,-0.154433703981504,0.127636361197261,119.586373825156
116.5,51.5096459219846,-0.160999817802938,-0.14267151584014,0.199520077329561,134.129359373295
117,51.5096452807776,-0.160998682268459,-0.298507393488523,0.142337426208457,148.888327680244
117.5,51.5096440200391,-0.16099790764118,-0.218121992049295,0.0702963145062876,163.654984675494
118,51.5096430925768,-0.160997565369693,-0.317466100734007,0.0171726785909379,178.474875740671
118.5,51.5096412154149,-0.160997447693986,-0.393733831750051,-0.0064184695356438,178.7826047661
119,51.5096384936588,-0.160997472429714,-0.615589193059237,0.0313805093626441,179.185897440286
119.5,51.5096349302951,-0.160997276619894,-0.969300666107913,0.0561125323660238,178.910851171652
120,51.5096301814319,-0.16099716488198,-1.24553578190597,0.0479615544773919,178.555252550097
120.5,51.509624615692,-0.160997027684461,-1.25630969566696,-0.00281716274003012,179.232762886598
121,51.5096191832883,-0.160997181534117,-1.38106345613656,0.0165661086305295,179.29872432184
121.5,51.5096132060728,-0.160996855273747,-1.20756090363625,-0.0222032029357826,179.210308003401
122,51.5096077257532,-0.160996831859465,-1.26149929463721,0.00699114765851155,179.551542582234
122.5,51.5096023391935,-0.160996716400054,-1.38925702885239,-0.00226221342514961,180.393333850989
123,51.5095964519397,-0.160996776660738,-1.24509852018827,-0.050954882228466,181.198168697136
123.5,51.509591131826,-0.160997058507198,-1.37592496443862,-0.00207500498788078,181.062612615783
124,51.5095852990708,-0.160997063221733,-1.26330547735394,-0.050553594162207,181.370882724942
124.5,51.5095797679974,-0.160997332653403,-1.32273174216306,-0.0397043824242415,181.741152899754
125,51.5095741485394,-0.160997768917841,-1.31313101106621,-0.0119417617956854,181.690957186189
125.5,51.5095685781007,-0.16099772313286,-1.31483949363164,-0.0699489714496695,180.841559160573
126,51.5095629038219,-0.160997992691121,-1.29400735628052,0.0140977252359978,180.057676763535
126.5,51.5095572150785,-0.160998148279697,-1.28442284906168,0.132856723857385,179.489280310742
127,51.5095516681464,-0.160997905100907,-1.28863362113147,0.0635190996365148,179.127695929873
127.5,51.5095462643816,-0.160997825793346,-1.33559759777485,0.0750195941376237,178.832073968857
128,51.5095405314862,-0.160997642820156,-1.21610532207028,0.00492213622249181,178.849821575963
128.5,51.5095352894557,-0.160997434748994,-1.34968928033232,0.0106143158667571,179.423367124649
129,51.5095297254245,-0.160997496335201,-1.3686545678588,0.0539056655160001,180.152627949851
129.5,51.5095239673347,-0.160997240939389,-1.23358000979555,-0.065456644067508,180.714898629685
130,51.5095182929881,-0.160997495255496,-1.22701807248179,-0.0226821107413111,180.760193970361
130.5,51.5095127853404,-0.160997595548905,-1.33314999774746,-0.0177398065346642,180.54473442008
131,51.5095069329404,-0.160997751464507,-1.22471326273827,-0.00409744764077815,180.507315045756
131.5,51.509501405965,-0.160997696552852,-1.24851583653627,-0.0642290673173014,180.245322691076
132,51.5094957644488,-0.160997803162097,-1.26484611446173,-0.0551586250924996,179.682292191501
132.5,51.5094902339647,-0.160997734156764,-1.27049939845719,-0.0259795827769675,179.030851827578
133,51.5094848784449,-0.160997583717961,-1.4311674838927,-0.0129378631230457,178.255085342635
133.5,51.5094787596432,-0.160997284464109,-1.14822263820941,-0.00171114573167626,178.469812630077
134,51.5094734748648,-0.160996941292906,-1.32884153619818,0.0157862166987121,178.71236371136
134.5,51.5094678312043,-0.160996841150253,-1.26505434656574,0.0892173650635809,178.940341775794
135,51.5094623758152,-0.160996442805948,-1.29010676500493,0.0173779539283378,179.148548874817
135.5,51.5094567168574,-0.16099629847508,-1.23919808296691,-0.0420392846730605,179.54732138854
136,51.5094511194094,-0.160996443476681,-1.25766938019974,-0.00299713844944499,180.4705539102
136.5,51.5094454625767,-0.160996441360637,-1.22823774784826,0.0372466098335514,179.697978203789
137,51.5094400611746,-0.160996201667425,-1.3648608566798,0.000205399140918858,179.300413691322
137.5,51.5094341598451,-0.160996136778088,-1.21698021469676,0.0277990432176602,179.515120286012
138,51.5094288246152,-0.160996073706421,-1.33531374006197,0.0303234001644641,179.741343096145
138.5,51.509423003707,-0.160995816392008,-1.20105961219127,0.00626337419919283,179.527653330705
139,51.5094175236361,-0.160995616820537,-1.26125043096261,0.00162009336641105,179.353168662761
139.5,51.5094120449344,-0.1609955204646,-1.31792283959099,0.0278457692108757,179.650163479652
140,51.509406340494,-0.160995347654151,-1.30940266490246,0.0353355061270904,180.016810944526
140.5,51.5094004160456,-0.160994934326993,-1.19763614042239,-0.0456978044208148,180.116064761923
141,51.5093949639969,-0.160995029554561,-1.29208808852621,0.0536275530729733,179.819681913196
141.5,51.5093894075571,-0.16099506398398,-1.27518092664363,0.045655884373609,180.144141069086
142,51.5093835360638,-0.160995161957148,-1.16936223136036,0.0556144320415857,180.298023728969
142.5,51.5093779131538,-0.160995028892286,-1.19644957790163,0.0454033207996148,180.323783586756
143,51.5093724966251,-0.160994861386549,-1.34783764108244,-0.0306064202479707,180.465907180773
143.5,51.5093666367802,-0.160994825967944,-1.20520220002263,-0.0721021931952234,180.754295163955
144,51.5093611845636,-0.160994975990893,-1.22111568841167,-0.0292595382185437,180.946051951559
144.5,51.5093557326632,-0.160995195338098,-1.32817336514482,0.055337043525507,180.681694556957
145,51.5093498190226,-0.160995048295075,-1.16838278222958,0.0558883315412214,180.050303321669
145.5,51.5093444920626,-0.160994947424632,-1.34813302000586,0.020000517281673,180.209764459733
146,51.5093383761846,-0.160994596046129,-1.15648325118199,-0.0420778570509076,180.624497551533
146.5,51.5093329365978,-0.160994694078158,-1.27557018445659,-0.0294998396277445,179.924657091387
147,51.5093273288769,-0.160994626223053,-1.20992060015133,-0.0065795135500682,179.805872688771
147.5,51.5093218340654,-0.160994490509547,-1.32255724747252,-0.0182001006243679,180.117575203588
148,51.509316015914,-0.160994279582072,-1.22640434899785,-0.0116723603985322,180.274076966942
148.5,51.5093104862224,-0.160994286268089,-1.30995016171333,0.0272038626535884,180.017536590672
149,51.5093045287218,-0.160994089494577,-1.15190257222585,0.0100516946050233,180.090999345962
149.5,51.5092999673735,-0.16099389796726,-1.27560871118723,-0.00968638239485745,180.196091567034
150,51.5092953513691,-0.16099385414089,-0.794610613812868,0.0144429039463144,180.284052942462
150.5,51.5092926626523,-0.16099388257124,-0.685997632853958,0.0162847643479643,180.681437732704
151,51.509290495299,-0.160994084820787,-0.28409004416744,0.0172994362442388,181.050189161335
151.5,51.5092896664133,-0.160994060712665,-0.414251488098665,0.0896929636136974,165.937216484737
152,51.509288153512,-0.160993205214217,-0.0776099239626231,0.111469943868473,151.358301567443
152.5,51.5092877269428,-0.160992376289133,-0.263363874746895,0.189597718268213,136.497189962383
153,51.5092867159449,-0.160990907859416,-0.040672989306785,0.188245461762152,121.943032552714
153.5,51.5092863826326,-0.160989245350429,-0.0582748912625351,0.180455843319408,106.555396193806
154,51.5092860748253,-0.160987712176149,0.048188641724573,0.217354500167767,91.444265127769
154.5,51.5092862057684,-0.160986207827874,0.0829445192801405,0.321024143410361,76.2248377425404
155,51.5092865681465,-0.160984198466144,0.155083833492099,0.188835986999356,61.057214814005
155.5,51.5092873557571,-0.160982609459266,0.110185353870486,0.104767559627798,45.793694521383
156,51.509287853853,-0.160982018986545,0.350171397570262,0.240669092738562,31.1217829168377
156.5,51.5092890228849,-0.160980876553812,0.23558532813653,0.0454154291400675,16.2289287938202
157,51.5092899950212,-0.160980697198784,0.287948281737189,0.0296600564080218,1.01111921387526
157.5,51.5092919133705,-0.160980592151713,0.363834110686358,-0.0155148785110388,0.940531005212703
158,51.5092946235204,-0.160980860592647,0.571337012945502,0.033079994035336,0.829833051671878
158.5,51.5092980250593,-0.160980777219232,1.05402749469554,-0.0348677084677494,0.632277636946266
159,51.5093034601719,-0.160980930380104,1.00853739999399,4.36864373239199e-05,0.654352342956442
159.5,51.5093082045725,-0.16098104432098,1.42961095479768,0.0361082280151651,1.46078568285379
160,51.5093140821595,-0.16098115096517,1.29905233822064,0.0246590387941737,1.75421313889733
160.5,51.5093196437732,-0.160980935079964,1.3683452986003,-0.0492361088783817,1.86291579587306
161,51.5093255523959,-0.160980937572826,1.25033457614647,-0.0213459102732476,1.47661638558503
161.5,51.5093311388543,-0.16098087060342,1.26595968622334,-0.00304344223791859,1.72019220713973
162,51.5093367556576,-0.160980865714694,1.25325129106642,0.0414507604452538,1.89133155249496
162.5,51.5093422427098,-0.160980776438259,1.34434109909151,0.0437825426011456,1.56925822252205
163,51.5093482534799,-0.160980698123841,1.16400253424597,-0.00875111559926071,1.36850139551136
163.5,51.5093531607093,-0.160980741396888,1.52171810308936,0.0321128383372643,1.5871892840565
164,51.5093594636405,-0.160980696796488,1.19945204091773,-0.00455867521775576,1.76483484187004
164.5,51.5093650351955,-0.160980972164311,1.27048597979608,0.0813194099127281,1.95487517522412
165,51.5093706437419,-0.160981011308809,1.30271076457237,0.083456219937047,2.01779813557715
165.5,51.5093762105715,-0.160980894386512,1.36292984280448,0.0555055541332299,2.11564053701157
166,51.5093822905288,-0.160980653178975,1.18722286414153,0.0206465192292332,2.54783650103477
166.5,51.5093874522189,-0.160980620921436,1.44382374146003,0.00272251324211239,2.35312944632645
167,51.5093934098948,-0.160980431091291,1.24314002784966,-0.0126196518320503,2.37217613048415
167.5,51.5093987282798,-0.160980524964297,1.36194712123479,0.0280169262897069,1.93878285780543
168,51.5094042834217,-0.160980607815707,1.38920164776579,0.0756672390438482,2.14869812487659
168.5,51.5094101587809,-0.160980488471566,1.24877305151678,0.0177771008173662,1.94811193672396
169,51.5094158075616,-0.160980557749208,1.28022875673859,-0.0125574628385916,0.975992316370999
169.5,51.5094214422719,-0.160980698112202,1.29101205362545,0.0071682185852745,0.7375326830925
170,51.5094271452428,-0.160980618444353,1.21448738202559,-0.0423798326197819,0.517321008575497
170.5,51.5094324983458,-0.160980646058584,1.3668860571933,-0.0621198444380732,0.702816325428125
171,51.5094381119325,-0.160980860274762,1.30737667255535,-0.00233201771468169,0.718093531153324
171.5,51.5094439090343,-0.160980913661228,1.14607011913646,-0.0124024440108889,0.64125224555862
172,51.5094490970608,-0.160981026919581,1.35903093683423,0.00866386271617709,0.982510172447492
172.5,51.5094551540943,-0.160981059812452,1.10920650533401,0.0211936539956899,1.05740197071215
173,51.5094600451017,-0.160980833767226,1.46696365273998,0.00582959149725534,1.42326497138674
173.5,51.5094663690508,-0.160980925893175,1.06261356624618,0.0467884990900457,1.77986714882326
174,51.5094713335805,-0.160980757705055,1.42907444584965,0.0261132219295148,1.74532835760302
174.5,51.5094774978122,-0.160980483797231,1.17358975266959,-0.020183712186891,1.6776008649239
175,51.5094826315196,-0.160980587485664,1.38360835362242,-0.0113743325047091,1.39294826434302
175.5,51.5094887201659,-0.160980633144534,1.15158019495925,-0.0166428590864452,1.71327113949535
176,51.5094939210666,-0.160980502811863,1.43057339165711,0.0114677938663482,1.93021074168987
176.5,51.5095003109908,-0.160980448479512,1.06812346093811,-0.0136492319403573,1.79458968989797
177,51.5095051338117,-0.160980541894293,1.47154681866723,0.0331480837867437,1.43614016019381
177.5,51.5095113548272,-0.160980232189572,1.13654026494831,0.0096141583252757,1.92181161603887
178,51.5095163251508,-0.160979744521275,1.53332453127449,-0.0844011361836356,2.0083236637497
178.5,51.5095227371755,-0.160979619805815,1.11678217592535,-0.0756601152848487,1.71625192051252
179,51.5095278544069,-0.160979508081992,1.37556759807161,-0.0277029158199264,1.61252538811193
179.5,51.5095335485337,-0.160979440585005,1.2599517400546,-0.000982587358638994,1.59025436744436
180,51.5095390031279,-0.160979515780202,1.32067777812577,0.0244775342352633,1.31293330217776
180.5,51.5095448926436,-0.160979406868445,1.14327724841707,0.0105772298310627,1.24730505615969
181,51.5095500953231,-0.16097940008681,1.33438359703722,0.0255403847741814,1.05573836660682
181.5,51.5095558327348,-0.160979474344835,1.2491573650943,0.0259204899953147,0.38066586085381
182,51.5095612459049,-0.160979451549751,1.35662358881959,-0.00142526599347274,0.413973359712657
182.5,51.5095671721442,-0.160979592511595,1.14576641757267,0.0133795204465034,0.400231429755246
183,51.5095721957424,-0.160979388989554,1.47521644895968,-0.0162513238806118,0.38851450090669
183.5,51.5095785554503,-0.160979166439141,1.10651858968283,-0.0781224665842843,0.36148195862898
184,51.5095835492646,-0.16097935775495,1.39696643983786,-0.0275861577574382,0.255318810306817
184.5,51.5095895160872,-0.160979445825319,1.16051178472713,0.0175984948446449,0.0392351096740496
185,51.5095949743555,-0.160979604898886,1.27597601416452,0.0230961581420448,-0.318212585067531
185.5,51.5096006834924,-0.160979726355332,1.26206946875796,-0.0339334295153955,0.0916465934855715
186,51.5096064037613,-0.16097982613425,1.22163257441208,-0.0497668985543503,0.40165452741985
186.5,51.5096120329306,-0.160979936021155,1.21801689094103,-0.027376505487297,0.188526306781608
187,51.5096174107026,-0.160980006881208,1.23693854802863,-0.0510268606985243,-0.327617398189392
187.5,51.5096230582259,-0.160980156465676,1.25756465394648,-0.0207817529406378,0.465278742473002
188,51.5096287174165,-0.160980274790308,1.26105260433473,0.0153063165923387,0.960900185487883
188.5,51.5096337238226,-0.160980464851021,1.10314233701925,0.0533999648074146,1.03684018091583
189,51.5096377461916,-0.160980476102922,0.903224828039567,0.041012913377912,1.24360393559156
189.5,51.5096405543545,-0.160980665768732,0.745633192040344,0.0547830558221828,1.65301557465388
190,51.509642683525,-0.160980831352268,0.308063111393553,0.019340704214079,2.25976548363065
190.5,51.5096438134367,-0.160980755001633,0.347443934388281,0.0825048886182497,16.7666396903039
191,51.5096455549914,-0.160979869080266,-0.0312430669373301,0.0568977656444701,31.0749610117561
191.5,51.5096458724473,-0.160979021757023,0.244046315810585,0.16967905969315,45.8704435691496
192,51.5096469209338,-0.160977650314126,0.0395515676883905,0.235756674906696,60.7255434806087
192.5,51.5096473798024,-0.160975900042531,0.0554124487167952,0.211106091899465,75.6654882568642
193,51.5096477470167,-0.1609742269474,-0.0575591894994777,0.199104826136317,90.134001314294
193.5,51.5096476022758,-0.160972926496422,-0.0811719441093405,0.322660646667041,105.434280746192
194,51.5096470723599,-0.160970679353715,-0.10871237012958,0.0867027643713657,121.026884998705
194.5,51.509646467153,-0.160969922580317,-0.208481144702714,0.282945327066339,135.721408941913
195,51.5096456025683,-0.160968258787037,-0.196754162882105,0.047543207158395,150.324006660577
195.5,51.50964468292,-0.160967762341707,-0.273618720488032,0.137325188791871,165.077335390694
196,51.5096435897723,-0.160967156636512,-0.265623574998473,-0.016193620593265,179.882949632613
196.5,51.509641872773,-0.160967315853972,-0.468272828284605,0.0408590776014949,179.306450882304
197,51.5096392552427,-0.160967080254413,-0.750043279600909,-0.0313804812361983,178.97932372118
197.5,51.5096352311501,-0.160967136615705,-0.893283218215747,-0.0315575162961028,179.430660902102
198,51.5096302891009,-0.16096719066674,-1.18645857808944,-0.0314424638949576,179.22897646176
198.5,51.509624861861,-0.160967262056353,-1.30354981469015,0.0345408401045816,179.759816820583
199,51.5096193109072,-0.160967085302667,-1.28452691361774,-0.0609670313667415,180.282157507551
199.5,51.5096139657283,-0.160967437320161,-1.41007182142349,0.0108027789097867,180.413149322912
200,51.50960793638,-0.160967443422615,-1.17041607033538,0.0186412703187753,180.305581596246
200.5,51.5096026039052,-0.160967382667892,-1.37135075893102,-0.0143564617030566,180.06961183465
201,51.5095966251868,-0.160967521237293,-1.22895114873542,0.0695391892519087,180.194933358062
201.5,51.5095912890582,-0.160967012185595,-1.39279343622681,-0.0394100216538363,179.851405938672
202,51.50958538379,-0.160966900129554,-1.22572346985548,-0.0205695045023344,179.298516006929
202.5,51.5095801426098,-0.160966805159414,-1.45676182170329,0.00788047028748573,179.539810257188
203,51.5095739861183,-0.160966749734434,-1.20776946652121,-0.00226806308278386,179.858556307344
203.5,51.5095684495185,-0.160966681380518,-1.28074709513252,-0.00564762379500627,179.971947477228
204,51.5095629283688,-0.160966419253258,-1.34466269827503,-0.0414864630228998,179.78211086807
204.5,51.5095571000458,-0.160966367343762,-1.23053985265709,0.0101101814296376,179.731244566487
205,51.5095517021224,-0.160966200074736,-1.30928487623239,0.00242541668412719,179.36410099774
205.5,51.5095460295016,-0.160966145639307,-1.25202589952447,0.0150420774622088,179.947951679876
206,51.5095405854894,-0.160966218582735,-1.37352076360519,0.0238103551126094,180.699487107441
206.5,51.5095346384708,-0.16096617394202,-1.16912082495386,-0.033194454308631,180.694975466797
207,51.5095295609252,-0.160966244647189,-1.44135468595686,-0.0668833817485476,180.597500624622
207.5,51.5095235599589,-0.160966624433978,-1.21369310045275,0.0021310931938483,180.973294290825
208,51.5095180022128,-0.160966664167528,-1.239485540557,-0.0136579685526992,181.322504394845
208.5,51.5095125156226,-0.160966866191483,-1.30480957432406,-0.03549857896338,180.496821502831
209,51.5095066417962,-0.160966910932416,-1.15813130490398,-0.0283686071516134,179.844510025234
209.5,51.5095016308274,-0.160966800676929,-1.50848010696077,-0.0819547498018907,179.866005735456
210,51.5094952297045,-0.16096687013563,-1.11047852856547,-0.0119796909539434,179.640476171135
210.5,51.5094902624431,-0.160966717153059,-1.47192594836861,0.0200585982150173,179.682677404554
211,51.5094839065433,-0.160966524643269,-1.09803535226885,-0.0471537550625461,179.986446828228
211.5,51.5094787718624,-0.160966507280997,-1.40936349155842,0.0192799298408248,180.084107307261
212,51.50947287287,-0.160966558010723,-1.27543603913254,0.0349866617780185,180.415903195907
212.5,51.5094671170259,-0.160966469050383,-1.20088456878238,0.00372052691348053,180.697810626162
213,51.5094618520886,-0.160966926101859,-1.36900252372155,0.0622249095900778,181.235675056182
213.5,51.509456008316,-0.16096662631304,-1.21364191946753,-0.068870083316943,181.066919765112
214,51.5094506306872,-0.160966888623984,-1.35383456131662,0.0223271467950744,180.72845306433
214.5,51.5094448856292,-0.160966770496696,-1.2715836329509,0.00739192054673015,180.56633975868
215,51.5094393925683,-0.160966594517843,-1.27577832534108,-0.0390407712970646,180.802950867683
215.5,51.5094339735138,-0.160966946556322,-1.36911045879766,0.0536923009386866,180.79499556622
216,51.509428154766,-0.160966928913289,-1.25034896940549,-0.0002761164249149,180.849034169963
216.5,51.5094225516381,-0.160966902552239,-1.26551681408592,-0.0370255089545055,180.873531013821
217,51.5094168445849,-0.160967356235583,-1.18728245134049,0.0563102952341643,180.773233444167
217.5,51.5094113742309,-0.160967514567863,-1.291775711415,0.0784968587937853,180.261845134507
218,51.5094055554319,-0.160967319253164,-1.17012848094909,0.032897745814278,179.922047285743
218.5,51.5094003746019,-0.160967249819574,-1.3893898829141,-0.0347010124237676,179.981219659934
219,51.5093943122443,-0.160967338615264,-1.18412928404685,0.0184173035034167,179.815429795169
219.5,51.5093888576963,-0.160967216337235,-1.31160049403429,-0.00313361710732652,180.240695305755
220,51.5093829849137,-0.160967200367857,-1.12285852274633,-0.0343720332072105,180.355323939913
220.5,51.5093778868608,-0.160967201646151,-1.43895551653083,-0.0126307797801814,180.256437401139
221,51.5093717028799,-0.160967327325667,-1.13272334362246,0.000376732062892335,180.609929355982
221.5,51.5093664683848,-0.160967299619033,-1.32913295494112,-0.0358746611602342,180.44213591706
222,51.5093606834907,-0.160967438262258,-1.23902972645087,0.0507216254827863,179.746035838646
222.5,51.5093551513476,-0.160967415529639,-1.30211428849089,0.0350017105675011,179.914084157538
223,51.5093493649007,-0.160967338773755,-1.22608270182026,-0.0219345095495794,179.797737834696
223.5,51.5093438577957,-0.160967689778993,-1.29529755679211,0.0492330878112619,180.078520212591
224,51.5093382633306,-0.160967634834397,-1.29540487040096,0.00353652167075858,180.501737789034
224.5,51.5093322503775,-0.160967686602723,-1.07882617046025,0.00284623310677984,180.689374782585
225,51.5093273504083,-0.160967764446083,-1.46470519458803,0.0384788619713963,180.314190615705
225.5,51.509321087174,-0.160967553207484,-1.10785721481063,-0.0416475890320691,180.611630239033
226,51.5093159116704,-0.160967626520291,-1.3749170717259,-0.0325108650162755,180.292904073498
226.5,51.5093099274259,-0.160967637963393,-1.17084834829873,-0.0379823847013969,180.172261968851
227,51.5093046163968,-0.160967635860518,-1.32943078397728,-0.0555177281160364,180.119661656665
227.5,51.5092993496285,-0.160967680921893,-1.048306848772,0.00250103312038846,180.394935764323
228,51.5092956035794,-0.160967543677139,-1.03535732706589,-0.0099674052559162,180.800105924291
228.5,51.5092920121685,-0.160967486677359,-0.498282601048772,-0.00445674264608729,180.92063884938
229,51.5092903643374,-0.160967497440067,-0.380942834465422,-0.0115342560835487,180.621454794671
229.5,51.5092889532178,-0.160967252245813,-0.213445994328761,0.0861658097345588,165.517196476649
230,51.5092878403928,-0.160966457234462,-0.187368043158718,0.1164271599962,150.724051331846
230.5,51.5092869264993,-0.160965528922923,-0.193358974153777,0.214562813700909,135.981057052843
231,51.5092862529508,-0.16096405815263,-0.128976317771958,0.25317697318717,120.785152843004
231.5,51.5092857925531,-0.160962390971979,-0.0640223181540656,0.271538425017814,106.024703511931
232,51.5092855574064,-0.160960567737022,0.0268416358141025,0.260617775446435,90.9708012079359
232.5,51.5092856636737,-0.160958802682926,0.087058213097449,0.304728515795664,75.5001897905285
233,51.5092860412761,-0.160957043698907,0.180659119933243,0.265878363890462,60.5192515214367
233.5,51.5092866089072,-0.160955527779637,0.237935609561296,0.220315533880357,45.6145231751159
234,51.5092875332001,-0.160954241610366,0.211812310068387,0.118600057297084,30.3245247584187
234.5,51.5092884378814,-0.160953551984502,0.252899218648887,0.0834986256564752,15.0102693484223
235,51.5092892169321,-0.160953322240566,0.384461904860231,0.0047517011567764,-0.0964555543279739
235.5,51.509291118983,-0.160953282967711,0.45308300536068,-0.0124331643792571,0.165566875342168
236,51.509294073305,-0.160953375641965,0.561879546977702,0.0393362271898001,0.407349836831824
236.5,51.509297887048,-0.160953300644004,0.815658294145758,0.0106444029632554,0.734323684152814
237,51.5093025718842,-0.160953135274797,1.20280804340912,0.00210009715491029,0.865987152660332
237.5,51.5093081006248,-0.160952943918233,1.22096655838484,-0.0337256503877466,0.156895886237188
238,51.5093134060165,-0.160952824930718,1.35784176352776,-0.0203605131967456,0.309495124548314
238.5,51.5093191218478,-0.160952804739534,1.27578293589386,0.0026683113736053,-0.217988878140231
239,51.5093246933669,-0.160953096449321,1.26331771162259,0.022453210813037,-0.546806318811079
239.5,51.5093301495762,-0.160953113352792,1.33588887211482,-0.0313552107432365,-0.898484854055507
240,51.5093359460764,-0.160953147042111,1.23120093862841,-0.0779708269419089,-1.15557257860993
240.5,51.5093414173204,-0.160953245991432,1.30185943876187,-0.0683722591770825,-0.801851367972958
241,51.5093469000577,-0.160953430345271,1.33480350630652,-0.0168524940438829,0.0267363467972323
241.5,51.5093526580145,-0.160953712815249,1.25865907798743,0.0747694969505086,-0.00971948956024007
242,51.5093581798664,-0.160953573043583,1.24306412155747,0.0248301180647628,0.252449730974001
242.5,51.5093635440573,-0.160953263191502,1.33683983474818,-0.0200129325391387,0.369559720120336
243,51.5093693958944,-0.160953199787161,1.21916254977792,-0.00725580720969786,0.246633431112322
243.5,51.5093749618028,-0.160953413045501,1.26812766294543,0.015766182025315,-0.0415139192870861
244,51.5093808352188,-0.160953352293654,1.15189985913401,0.00636136461130579,-0.229918291173225
244.5,51.5093857302167,-0.160953253156531,1.51588546620712,-0.0233414177335342,-0.0843578206111501
245,51.5093923340022,-0.160953290915021,0.99105115371447,-0.0227588218640483,0.270852398196697
245.5,51.5093970573578,-0.160953704441565,1.50873370360375,0.0463885807126221,0.209159491545314
246,51.5094032700559,-0.160953407806588,1.12629873371467,-0.0303417337152462,0.308029623478425
246.5,51.5094084501597,-0.16095336797532,1.34286742810318,-0.0471340819239771,0.508043484198759
247,51.5094142204762,-0.160953573668491,1.25781718275525,0.0218460597347248,0.301985603346088
247.5,51.509419473774,-0.160953338455553,1.41305263122061,-0.0456304500930995,0.0994105598182683
248,51.5094254075957,-0.160953510316784,1.23304544015974,-0.00632101446475053,0.148413505523088
248.5,51.5094307417911,-0.160953501861806,1.32237380518392,-0.0319452195711528,-0.118056068725617
249,51.5094364611081,-0.160953519973893,1.25635810842004,-0.0614718638214293,-0.485105602031247
249.5,51.5094419426793,-0.1609538682826,1.301250009076,-0.00716371246109342,-0.76292165777193
250,51.5094476449667,-0.160954072907262,1.25238948541771,-0.00799508105492561,-1.28638052651803
250.5,51.5094531237716,-0.160954219087102,1.25070449215492,-0.0404073432291696,-1.1421142078482
251,51.5094585143865,-0.160954533883239,1.34984609368437,-0.0186727009583291,-1.29096891344086
251.5,51.509464347886,-0.160954728946534,1.26161835428533,-0.0197845421232987,-0.766412415863191
252,51.5094697039782,-0.160954723580349,1.41853835213457,-0.0776187419424623,-0.710873774435553
252.5,51.5094758316997,-0.160954855490718,1.17116593970275,-0.0536091470562061,-0.300648656673364
253,51.5094810457497,-0.160955081433479,1.34460008556201,-0.015749434706884,0.151924126294361
253.5,51.509486668394,-0.16095517508035,1.28833866635795,0.0182420481076833,0.258740057414979
254,51.5094922846504,-0.160955215230619,1.30760628641705,-0.0245352151175803,0.157083236121104
254.5,51.5094979504417,-0.16095558802981,1.25793708938247,0.0345619759528525,0.443599664198403
255,51.5095034989201,-0.160955831739894,1.27191576103662,0.0948897245577184,0.732844089125188
255.5,51.5095091083049,-0.160955842646608,1.31000054618447,0.0732486923584737,0.668762489190927
256,51.5095147751023,-0.160955705719301,1.31754303140553,0.0173316964435361,0.423299901723373
256.5,51.5095205623491,-0.160955429081494,1.22809058471102,-0.031365960102107,0.027887784946087
257,51.5095261954736,-0.160955388375278,1.25705232666463,-0.0360833938729859,-0.212293973501269
257.5,51.5095318830999,-0.160955500719932,1.23714871718607,0.0354651553433131,0.195490541625936
258,51.5095373883756,-0.160955670284677,1.26761887515292,0.0447029376638436,0.296791782339347
258.5,51.5095431395238,-0.160955456293814,1.22940611598957,-0.0512649393943148,0.278302243529497
259,51.5095485633504,-0.160955609733221,1.28873537986972,0.0277039034512707,0.469163464490264
259.5,51.5095542525593,-0.160955732684824,1.24432788868537,0.0973182363877576,1.17999898324563
260,51.5095598983126,-0.160955260319681,1.25921741094988,-0.015875410119956,1.29208505760206
260.5,51.5095653656206,-0.160955195287497,1.34925697009116,0.0432803511566208,1.89823954131265
261,51.5095715067831,-0.160954799294493,1.118788580597,0.0473115884361881,2.10716763928784
261.5,51.5095767242712,-0.160954596143427,1.37840973073407,0.0950457480749364,2.29555641097745
262,51.5095828763249,-0.160954034843646,1.13019736275681,0.0698215419374047,2.66896059112471
262.5,51.5095880627638,-0.160953313210032,1.39217964095609,-0.0435062771028873,2.5836419509765
263,51.5095942235106,-0.160953138771625,1.14148334579165,0.0475206213235158,2.46171271353255
263.5,51.509599363986,-0.160952681871376,1.4000972038953,-0.0115881101279545,1.79919565400242
264,51.5096053743985,-0.160952671358885,1.14982622404861,0.0422770100151416,0.799828805936048
264.5,51.5096105331334,-0.160952526475326,1.39074675039495,0.0508510118607883,0.106749365166172
265,51.5096164612759,-0.160952309522429,1.17176532369013,-0.0188194445647914,-0.39832418968148
265.5,51.5096216409443,-0.160952528863905,1.35593546798562,0.0498403120909528,0.236027794868931
266,51.5096277868532,-0.160952156383791,1.05990017833748,-0.0178360761383083,0.403422432117189
266.5,51.5096320065452,-0.160952304096459,1.34713894474244,0.0334844308680555,0.643148451888515
267,51.5096369695863,-0.160952291464032,0.668388706313623,-0.0260795259912417,0.298457144272947
267.5,51.5096392005811,-0.160952380810277,0.848866103093461,0.030585759848067,0.853925251849648
268,51.5096419592735,-0.160952458742689,0.127291505387879,0.024285593392419,1.370573402003
268.5,51.509642487499,-0.160952561721655,0.48216564608254,0.0872544352563429,15.4637210255395
269,51.50964426057,-0.160951880924018,0.0390062886552871,0.10978039056745,30.2140968120116
269.5,51.5096446948364,-0.160950982357883,0.315623245157718,0.216012723414285,44.8360038868949
270,51.5096460750567,-0.160948945825756,-0.0943547678022907,0.0836634010385582,59.6580582048083
270.5,51.5096459767028,-0.160947900726741,0.15994396786571,0.27743747452451,74.4432613516535
271,51.509646516693,-0.160945837307389,-0.0957508224326925,0.198957405040627,88.8671643264627
271.5,51.5096462372331,-0.16094460750947,-0.0451361469164436,0.36968338983409,103.934226569328
272,51.5096460158335,-0.160942467084628,-0.238176091662986,0.276704814971935,118.859850548031
272.5,51.5096450051565,-0.160940451072734,-0.0963719353916366,0.0983400507340236,133.812575478521
273,51.5096443708346,-0.160939628570641,-0.308805284659331,0.180206790909642,148.784375983655
273.5,51.5096431766889,-0.160938741866695,-0.187130686280831,0.01439962778827,164.256158200347
274,51.5096422343605,-0.160938684880556,-0.262296561060021,0.0331722230391146,179.598362978476
274.5,51.5096405813649,-0.160938507246191,-0.487430818538764,-0.0333822513233033,179.909008957406
275,51.5096374406236,-0.160938662442831,-0.455249426871995,0.0144374455464779,179.569528159189
275.5,51.5096344143797,-0.160938738219536,-1.10665445630385,-0.00642485434294784,179.795797872842
276,51.5096288063867,-0.160938765616693,-0.975805371864498,-0.0334402157410422,179.977365425326
276.5,51.5096238892857,-0.160938879256549,-1.39104224919738,-0.0224437387557149,179.615551154356
277,51.5096177610941,-0.160938916706646,-1.15301259254528,0.0418661032391962,178.794502377111
277.5,51.5096128719833,-0.160938631424975,-1.56764369470723,-0.0097732703156576,178.514764949786
278,51.5096064076214,-0.160938517580342,-1.13880708408167,-0.0108765728331209,178.53355084207
278.5,51.5096016848438,-0.160938488381873,-1.60053359120237,0.0105842302879916,179.095783258818
279,51.5095951413354,-0.160938698461417,-1.11857823003076,0.0780197011311497,179.146885781484
279.5,51.5095901371301,-0.16093863636165,-1.48437309998265,0.0763144470734323,179.216154683308
280,51.5095838887852,-0.160938413928232,-1.17775067411995,0.000248634439569832,179.670657052957
280.5,51.5095786013944,-0.160938214901489,-1.35752415667777,-0.0633584819564776,179.577619800547
281,51.5095728202575,-0.160938317152403,-1.24618960793451,-0.00798626322357652,179.694930441026
281.5,51.509567536353,-0.160938135626881,-1.40409581051114,-0.0444020953618444,179.70069035235
282,51.5095615908449,-0.160938017750108,-1.18580427167239,-0.112534618732263,179.712306678947
282.5,51.5095563941928,-0.160938259659415,-1.3872259806472,-0.023954626748714,180.054407600511
283,51.5095506217333,-0.160938385171641,-1.29643613318085,-0.00497359506074676,179.839603238219
283.5,51.5095449552472,-0.160938464234251,-1.27296989114109,0.0225257544422844,179.959152136564
284,51.5095392354575,-0.160938454418115,-1.22142444417577,0.0448598859897165,179.352946107718
284.5,51.5095337607855,-0.160938380015342,-1.30577576722788,0.0676235131491419,178.619005493933
285,51.5095281993358,-0.160938010918612,-1.31127046843301,0.0561828223492669,178.026886581369
285.5,51.5095227388067,-0.160937667196455,-1.38619786611953,0.0727638879863157,177.668642619843
286,51.5095167586492,-0.160937209085949,-1.17918108320975,0.0721586425557169,177.735976620146
286.5,51.5095116110513,-0.160936769828159,-1.42446255256055,0.00809466400125895,177.926895513961
287,51.5095056746658,-0.160936601979889,-1.29771308238765,0.0764915831804314,178.015347560499
287.5,51.5094999859095,-0.16093625152371,-1.24919999279665,0.0568578309224828,178.301134213488
288,51.5094942967176,-0.160935780776951,-1.26893895844558,-0.00257265778250748,178.594085425251
288.5,51.5094887622426,-0.16093597345309,-1.35008492708622,0.107533487135832,178.590604137779
289,51.5094827673331,-0.160935674313925,-1.17376795693176,0.0779110044539302,178.412916507059
289.5,51.5094774833544,-0.160935617556652,-1.37981893066168,0.105022787515254,178.654652610912
290,51.5094714431705,-0.160935280353778,-1.1855441949315,-0.0192767040523279,179.070305882337
290.5,51.5094660822686,-0.160935233840796,-1.35960655345844,-0.0248654670789533,179.247244575768
291,51.5094601703477,-0.160935336372899,-1.27064055586218,0.0335833272504406,179.460994442836
291.5,51.5094545737053,-0.160935068262167,-1.2810146036173,-0.0444876687427545,179.800767520496
292,51.5094488010494,-0.160935346676695,-1.23982670745866,0.0171701611299957,179.793267103837
292.5,51.5094435096919,-0.160935455858472,-1.46713602881448,0.0257743516787374,180.192872745179
293,51.5094373032825,-0.1609354677458,-1.17064091927805,0.0109480187816585,180.114004339132
293.5,51.5094317183032,-0.160935558616599,-1.17843539095475,-0.0170801545655962,180.098999856056
294,51.5094266051424,-0.160935811567526,-1.3904593703254,-0.0234895396458915,180.437719714407
294.5,51.5094207309543,-0.160935948117267,-1.2381307314002,-0.0468283542695809,180.435648618736
295,51.5094151585884,-0.160936139594195,-1.2418767655696,-0.0658266451569973,180.48730334938
295.5,51.5094097293735,-0.160936310452449,-1.30122716326579,-0.11502752967942,180.611552784406
296,51.5094038649073,-0.160936935638186,-1.19349975171585,-0.0237552242164474,180.674162550434
296.5,51.5093984388564,-0.160936895006256,-1.26980764334928,-0.0815714199296204,180.302106425376
297,51.5093927414967,-0.160936895488511,-1.23311284247263,-0.0224497815986133,179.51802111082
297.5,51.5093874454632,-0.160936985258613,-1.32747383519962,0.00161660039883346,180.039056373737
298,51.5093813942638,-0.160936950838718,-1.12734049617727,-0.0483581157984783,180.389284567504
298.5,51.5093760508499,-0.160937225378085,-1.3363195096953,-0.0194221078779113,180.281234485547
299,51.509370328532,-0.160937409765175,-1.25599326121039,0.00219180184354724,180.056206917561
299.5,51.5093646857913,-0.160937873536923,-1.21087187516268,0.0435826495990723,180.709988980259
300,51.5093592492399,-0.160938062849821,-1.25942187112102,-0.0223720349560876,181.260350846539
300.5,51.5093535196217,-0.160938024608922,-1.24004535655638,-0.0816366714890879,180.692897919518
301,51.5093480281717,-0.160938015112944,-1.31804862660517,-0.0997084727302404,180.073437258473
301.5,51.5093422147791,-0.160938399375164,-1.1977931725606,-0.0416894649705101,180.402827580426
302,51.5093367540883,-0.160938678955269,-1.26714775943636,0.00270140235964758,180.365504880399
302.5,51.5093312224525,-0.16093861658666,-1.28492609150765,-0.0210127845317841,180.264928041356
303,51.5093255570525,-0.160938471251324,-1.18736439884326,-0.0458814772355282,180.214923203461
303.5,51.5093200925329,-0.160938740265568,-1.27318459471169,0.00957713611323387,180.444108975108
304,51.509314570882,-0.16093872799836,-1.26265997770129,-0.020685216435163,180.704966920952
304.5,51.5093087469499,-0.16093883094601,-1.21999114829631,5.40575970806331e-05,180.089079649142
305,51.5093029213553,-0.160938660346547,-1.13546836256224,-0.0311567947441124,179.556337729711
305.5,51.5092983903167,-0.160938603148249,-1.19238611763831,-0.0221421588855978,179.869577366448
306,51.5092941168483,-0.16093849135598,-0.875948720331726,-0.0041121810411925,179.76146652812
306.5,51.5092910343357,-0.160938588299257,-0.602458572004181,-0.00736718427356607,179.947649045914
307,51.5092892006836,-0.160938643374007,-0.366651264180706,0.0018597971036339,180.211183637785
307.5,51.5092878118921,-0.160938418718936,-0.231985660068042,0.0725654892972966,165.35814689543
308,51.5092868062462,-0.160937813387899,-0.195467240781719,0.124525223788592,150.681232074766
308.5,51.5092860703002,-0.160936834218087,-0.194161554406913,0.200090702456304,135.787799386598
309,51.5092853374861,-0.160935260384632,-0.0960253394026142,0.200147236372168,120.499026072167
309.5,51.5092849192934,-0.160933797004212,-0.0747922920240409,0.290911809552808,105.080252735405
310,51.5092846146475,-0.16093209220647,0.0415088476985274,0.26122701280716,89.6370068952813
310.5,51.5092848213502,-0.160930303613081,0.0729836970228496,0.247706815659233,75.058629690724
311,51.5092850353769,-0.160928756564644,0.175207223394663,0.308186309406545,61.1453604244005
311.5,51.5092857390359,-0.16092661864763,0.110857623022856,0.0531518306952888,46.0074826621652
312,51.5092863897753,-0.160926017512427,0.261212909216604,0.200442954825797,30.7958766796837
312.5,51.5092873465003,-0.160924738444603,0.239754418765345,0.0141180662825052,16.2365737216622
313,51.5092881879905,-0.160924589946508,0.297730718784827,0.0413859333784998,1.74372273309621
313.5,51.5092901119662,-0.160924254653198,0.315354546304753,-0.0342643125227843,0.96494233466688
314,51.5092924774504,-0.160924181645818,0.695805404305157,-0.00315500959876002,0.0304726696229241
314.5,51.5092963396959,-0.160924168354478,0.821417694917977,0.0306471923636519,-0.0565413387982344
315,51.5093006979576,-0.160924112876556,1.30878789020489,0.043707831380924,-0.20378592752294
315.5,51.5093065399997,-0.160923926188365,1.12283020172771,-0.00639681247328701,-0.0388220621215734
316,51.5093118934068,-0.160923935980874,1.22096310381786,0.0644497087441071,0.376184500324458
316.5,51.5093171990299,-0.160923549139663,1.40202391852831,-0.0605621390803431,0.721443969157386
317,51.5093231981583,-0.160923689073934,1.23955576336226,0.00573123059725203,0.953471624388539
317.5,51.5093287504703,-0.160923689487788,1.28507935564027,0.0606945535823428,1.39235378332358
318,51.5093343404712,-0.160923772962289,1.29566072960888,0.125757800471088,1.77070926911973
318.5,51.5093398653768,-0.16092351393782,1.35291649926803,0.0544609555948613,1.04761671356994
319,51.5093455395274,-0.160923367027831,1.3318902525856,-9.11489349762866e-05,0.361069048656689
319.5,51.5093511772172,-0.160923460684571,1.3092846718662,0.0164380522409794,0.621480905045336
320,51.5093568762573,-0.160923343249132,1.30570292494757,-0.019132658740063,0.444217739604723
320.5,51.5093626414813,-0.160923483785821,1.25627876211684,0.0262679791290485,-0.0694370901625288
321,51.509368182899,-0.160923322030863,1.32118037899685,-0.064537426153646,-0.103618188412007
321.5,51.5093739361953,-0.160923603067928,1.20707913550928,0.00911302725344353,0.255914693719833
322,51.5093791116681,-0.160923703211989,1.36967454108249,0.0383031318447376,0.902300988105518
322.5,51.509384942279,-0.160923581809396,1.23607713413035,-0.0432098527113937,0.751400737113846
323,51.5093903832649,-0.160923927894827,1.32744007075693,0.00333733134734238,0.0466235384605324
323.5,51.5093961085522,-0.160924098538397,1.29504136492764,0.00364381258260786,-0.210077449710372
324,51.5094017076969,-0.160923974240107,1.28063273007872,-0.0531451666867323,-0.212998767285718
324.5,51.5094074478021,-0.16092411227759,1.22222988356336,-0.054446964275886,-0.286535999938486
325,51.5094129829629,-0.160924526163341,1.31435087885833,-0.0242003516294008,-0.281122495564407
325.5,51.5094187966244,-0.160924841295206,1.24998504698232,0.00507139974166367,0.680916192621
326,51.5094244679006,-0.160924826006563,1.22775030331892,0.035979828058755,1.28782512578227
326.5,51.5094300209394,-0.160924869056382,1.31046182741302,0.0219672899214823,0.952177270861059
327,51.5094358039094,-0.16092480405227,1.30239015722323,-0.0306073903533221,0.994889179232889
327.5,51.5094417588448,-0.160925045816696,1.17436834273727,0.0168200313412311,0.504262542754957
328,51.509447080993,-0.160925175654481,1.26499193192274,0.0181276896364528,0.156580041800075
328.5,51.5094526258837,-0.160925198306331,1.30135244712084,0.00412768106427769,-0.365012654954409
329,51.5094582661062,-0.160925395448647,1.24028810275742,0.0233964386594975,-0.62412982503475
329.5,51.5094634767736,-0.160925432231728,1.48022115540455,-0.0113821171430322,0.208749002940701
330,51.5094697690284,-0.160925331615501,1.17473988553024,-0.0263285562807501,1.00413491995941
330.5,51.5094748731674,-0.160925282753782,1.45248212790936,0.00034253994440297,1.16777291356608
331,51.5094808143793,-0.160925111726456,1.253454533195,0.00282425642013932,1.16760660631209
331.5,51.5094866018993,-0.160924946141948,1.22353524779478,0.0245882673387409,0.67159877985646
332,51.5094920996672,-0.16092485777001,1.2618882089853,0.00168584176958089,0.297206431673511
332.5,51.5094976691462,-0.160924758637573,1.26831721680442,-0.0077702308954784,0.0309707571810837
333,51.5095032087589,-0.160924877901181,1.32885277261955,-0.019981655481128,0.0694707403169657
333.5,51.5095089330174,-0.16092493625616,1.25058587370628,-0.00296105469948908,-0.0426158269756621
334,51.5095143468732,-0.160924889025036,1.33616947904389,-0.0180135616545669,-0.438263000829642
334.5,51.5095204123434,-0.160924874182222,1.12504164454647,-0.0560464364716226,-0.240906659785648
335,51.5095254692807,-0.160924952659939,1.42338029949861,-0.0316625355815445,-0.0776719545614285
335.5,51.5095315334473,-0.160925007654511,1.17938980466433,0.00423636699048506,-0.15075112210857
336,51.5095367788823,-0.160925004815903,1.36528969508733,0.00577231580462521,-0.58186425973244
336.5,51.5095426620185,-0.160924735879916,1.18278006708138,-0.04161212210814,-0.0869821447039326
337,51.5095481422231,-0.160924725420124,1.29319966671814,-0.0407421993225958,0.476960389733403
337.5,51.509553732463,-0.160924927416651,1.31583190891428,-0.0152350585935973,0.06549159258018
338,51.5095594818726,-0.160924793110922,1.247669951398,-0.034153298755698,-0.0172452445294566
338.5,51.50956510723,-0.160924822735742,1.26086416902088,-0.0467358630425991,-0.109232498758872
339,51.5095704749818,-0.160925164314187,1.34709992678664,0.0873975710863206,-0.192757791483993
339.5,51.509576439826,-0.16092503087297,1.15184717692757,0.0270147075347204,-0.167174047953734
340,51.5095816315624,-0.160924798193032,1.35541351793608,-0.0939750958383365,-0.0387449783278259
340.5,51.5095874716589,-0.160925003210356,1.24467343221296,-0.0235502994924608,0.273822533146924
341,51.5095931100498,-0.160924949055384,1.22404294632934,0.00805296693846568,0.614107315535027
341.5,51.5095987806955,-0.160924732683018,1.2386702721646,-0.0547852964603483,0.00499356161665278
342,51.5096046633621,-0.160924865150993,1.14740852498737,-0.0352540207161525,-0.429703968111354
342.5,51.5096099420245,-0.160925121510577,1.33126199920252,0.0242222372651221,-0.591554453261064
343,51.5096157770385,-0.160925009618858,1.18514155060122,-0.0268508979219507,-0.883811884948075
343.5,51.5096211973272,-0.160925005450337,1.23759954713902,-0.0141471061448104,-0.739339040271269
344,51.5096266324675,-0.160925175046518,1.28180935877487,-0.062414495849786,-1.10611948145227
344.5,51.509631580478,-0.160925393615884,1.09427629788896,-0.055433021158655,-0.532988483983759
345,51.5096353903077,-0.160925484022965,0.965264440147416,-0.0305007859046092,-0.464055567826177
345.5,51.5096384380717,-0.160925570116382,0.658471597576744,-0.0068205184049755,-0.666310723418228
346,51.5096403385532,-0.160925616813901,0.359969799700121,-0.000519289373896475,-1.03009813627886
346.5,51.5096415378852,-0.160925477901079,0.265744557174714,0.0819710618201232,14.1016213721634
347,51.5096427571032,-0.160924707141881,0.0756632862928099,0.0943682587169426,29.0948850786475
347.5,51.5096430333907,-0.160924250095829,0.336016140574052,0.266301991111211,43.8214099486357
348,51.5096441975095,-0.160922526733648,0.00491548773909575,0.155278553953342,58.85992466634
348.5,51.5096443589836,-0.160921459842448,0.100042097024156,0.259815184876332,74.4423988972472
349,51.5096447121565,-0.160919809790763,-0.0769353735014891,0.28655120659713,90.035180090476
349.5,51.5096445333615,-0.160918118343404,-0.0723098639049907,0.264939875530943,104.90835132459
350,51.5096442658529,-0.160916532897683,-0.160361704353196,0.204196962604851,119.914152954134
350.5,51.5096436192981,-0.160915293508823,-0.174217447588759,0.184204806044547,135.175282397974
351,51.509642745258,-0.160914083572441,-0.196802457244704,0.0720150066562888,150.41088140732
351.5,51.5096419218084,-0.160913721492677,-0.322895725753387,0.104983221678863,165.093341940544
352,51.5096407071705,-0.160913319262173,-0.257051643042272,-0.023492115187338,180.188696194345
352.5,51.5096390509498,-0.16091349616365,-0.479244899594876,-0.00841967846450289,180.318053648412
353,51.5096362206346,-0.160913695340821,-0.664263590294202,-0.0328328006540797,180.17175333693
353.5,51.5096324868462,-0.160914010414306,-1.01097789300774,-0.0117886057216276,179.994206678608
354,51.5096270868239,-0.160914201891385,-0.975951339708929,-0.0725958185891589,180.109724318736
354.5,51.5096224833347,-0.16091437060381,-1.47306393032086,-0.0117472227348704,179.814986545207
355,51.5096163056483,-0.160914530651424,-1.15913250918432,0.0113818540172685,179.442530067165
355.5,51.5096112161767,-0.160914310984911,-1.44205339528967,-0.064131954247358,179.595133428394
356,51.5096052799513,-0.160914475510679,-1.2730188240343,-0.0247698933064266,179.732117106247
356.5,51.5095996302128,-0.160914709530738,-1.22205602708836,0.0150385744569805,179.406479946774
357,51.5095942313394,-0.160914809158078,-1.39044205271642,0.0282563237817066,179.191238954561
357.5,51.5095881557948,-0.160914490404452,-1.18688922852418,-0.0444240187565316,179.163534718477
358,51.5095828746758,-0.160914403005032,-1.41172910638315,0.00530799613857561,179.018479716937
358.5,51.5095768631375,-0.160914155246798,-1.2360078687525,0.00835331827924875,178.909404548298
359,51.5095711745469,-0.160913882077814,-1.25767006425682,-0.0440662335805797,179.022788231518
359.5,51.5095657065764,-0.160913760586971,-1.40800758892998,-0.045723515059849,179.533802422742
360,51.5095598479922,-0.160913831746783,-1.29943052252525,-0.0121385430978605,179.79199539355
360.5,51.5095542055343,-0.160913650415984,-1.31886928688543,-0.0806646650128767,179.764820012268
361,51.5095485161704,-0.160913906303195,-1.28611016800558,-0.0277166031978322,179.607749437626
361.5,51.5095430192809,-0.160914137548149,-1.34328146528613,0.0211453922209617,179.975268950866
362,51.5095370681733,-0.16091399666837,-1.2007432846887,-0.0374493081688042,180.00028576952
362.5,51.5095319201657,-0.16091404907563,-1.43160086761148,-0.0246333781966983,179.425547295796
363,51.5095258677602,-0.160914115408199,-1.23332728618957,0.0120543152879688,179.105647418551
363.5,51.5095202899592,-0.160913999282053,-1.22022823737476,-0.0142111575659203,179.602050112597
364,51.5095151289473,-0.160914103742975,-1.42758187317175,0.014603364072704,180.190038052061
364.5,51.5095090139596,-0.160914068226678,-1.16248298748324,0.0124322216155006,179.997766168577
365,51.5095037929545,-0.160913842355714,-1.39681912068602,-0.0286082190290604,179.650938647402
365.5,51.5094979184511,-0.160913916905482,-1.29681709478137,-0.00456941452111845,179.929944325421
366,51.5094920672445,-0.160913886104917,-1.26497766268518,-0.0144705227906371,179.871515855133
366.5,51.5094864950532,-0.160914087338009,-1.31780526129345,0.0846030590649313,179.37295167366
367,51.509480716934,-0.160913937229007,-1.22909851854499,0.0514043033190624,179.021790350969
367.5,51.5094750040719,-0.16091351110121,-1.21063491644231,-0.00151786484555241,178.874284577596
368,51.5094696327757,-0.160913557829537,-1.3571014375075,0.0522237360243989,178.679189332081
368.5,51.5094636036767,-0.16091362228061,-1.15145717100319,0.0812932227886657,178.880899362157
369,51.5094583301955,-0.160913620780325,-1.36321340894928,0.0237524307517477,179.417186421558
369.5,51.5094523883933,-0.160913305572801,-1.19911543178805,-0.0428506046398125,179.697510506004
370,51.5094470669513,-0.160913241687533,-1.32852455006738,-0.0408835125142436,179.721220132197
370.5,51.5094415709806,-0.160913161138616,-1.3340687733279,-0.0568557570309851,180.296958729642
371,51.509435839444,-0.160913227893646,-1.25969558845038,-0.0347798150344958,180.616489296685
371.5,51.5094302790524,-0.160913339859692,-1.25997951859977,-0.0426200702748014,180.754242486088
372,51.5094246403865,-0.160913387708174,-1.24274668378566,-0.0258669162619691,180.711885877141
372.5,51.5094193328068,-0.160913649651042,-1.4040376599448,0.0193352233602313,180.399088616352
373,51.5094132363432,-0.160913581363413,-1.15520841796529,0.0140116716203141,180.053820094156
373.5,51.5094081507347,-0.160913398872934,-1.42781362955941,0.0244385134577931,179.535237907493
374,51.5094020074348,-0.160913155380302,-1.1343419443146,0.00162596413701305,179.035822569211
374.5,51.5093968550772,-0.160913055997194,-1.38859403979325,0.0333549738278777,179.144472066402
375,51.5093908632964,-0.160912947486166,-1.20891935744812,0.0596744598697564,179.208952454442
375.5,51.509385307655,-0.160912822225927,-1.23344858824784,0.054944749434653,179.336283155378
376,51.5093796408755,-0.160912606361929,-1.26812855938379,0.037469756326836,179.403774933279
376.5,51.5093740473444,-0.160912016010371,-1.30845943007507,-0.08668001782473,179.830027721992
377,51.5093681094127,-0.160912368901495,-1.11318030990323,0.0202876446659919,180.315791335793
377.5,51.5093630829431,-0.160912220132253,-1.41985007155096,-0.00752554347051986,179.678483948058
378,51.5093571670139,-0.160912034865559,-1.21843416571349,-0.0496473049957568,179.554151668642
378.5,51.509351635303,-0.160912144153075,-1.30798491146527,0.0325978188690412,179.819320366938
379,51.5093459545591,-0.160912055984169,-1.29495816247347,0.0279204097428536,180.47319010434
379.5,51.5093400310987,-0.160912118177889,-1.16974439987596,-0.0224318331902273,180.44759128172
380,51.5093348687202,-0.160912303084694,-1.40743434174695,-0.0229379970092953,180.861624539928
380.5,51.5093288163503,-0.160912434869285,-1.22039721588882,-0.0563552968325129,181.864411609015
381,51.5093234446442,-0.160912726515669,-1.34894034056245,-0.0475328451688882,182.349372645658
381.5,51.5093175905215,-0.160913164750063,-1.17425044313906,0.0791622822655426,182.199625979727
382,51.5093120102209,-0.160913188327016,-1.19786088770888,0.00369193123404772,181.920457987246
382.5,51.5093067508845,-0.160913213870255,-1.38391029784123,-0.00960018276278191,181.995023575926
383,51.5093007219142,-0.160913614258951,-1.15153955375155,0.0346316860794042,181.969616846792
383.5,51.5092960667522,-0.160913573872787,-1.17580108668578,0.0370962429978784,181.144776615727
384,51.5092920930227,-0.160913356438673,-0.980901714659762,0.00769121548838044,180.444138006701
384.5,51.5092886237919,-0.160913320997188,-0.487395450982009,0.0122107574933642,180.368768981352
385,51.5092871336436,-0.160913348345177,-0.456375463329519,0.0159855026949353,180.177050927474
385.5,51.5092852613158,-0.160913203557712,-0.107727906022379,0.0872907425542677,164.018387224623
386,51.5092846132974,-0.160912633154603,-0.338505549856039,0.185978255638415,148.271220685991
386.5,51.5092831995191,-0.160911430503489,-0.0440318910816591,0.141570216972129,133.900344643507
387,51.5092828874337,-0.160910156477944,-0.167908451851267,0.225167007767086,119.706672879739
387.5,51.5092822588234,-0.16090862367721,-0.0207577391301982,0.298489368683823,104.857611781095
388,51.5092821571491,-0.160906471992005,0.00170314319634255,0.243157392773996,89.6844942571377
388.5,51.5092821665545,-0.160904681963045,0.100848579893567,0.249502550924478,75.0486690463818
389,51.5092825807287,-0.160902856512313,0.131741801732602,0.216724064276393,60.5150737638652
389.5,51.5092831794266,-0.160901617032507,0.205550241182935,0.204627626909614,44.9146905648437
390,51.509283979541,-0.160900333126096,0.19110562889751,0.104450592179965,29.662768526971
390.5,51.5092847941831,-0.160899702767313,0.300371333822104,0.106815785485243,14.8795199833697
391,51.5092860208617,-0.160899298529025,0.269526654816265,-0.0239564857926712,-0.316941997573403
391.5,51.5092878940611,-0.160899240270988,0.33747429307151,-0.0104079822811809,-0.0020728359958651
392,51.5092901786412,-0.160898949428717,0.799008081609893,-0.0348154884816082,-0.0864510363887575
392.5,51.5092944946172,-0.160898941889554,0.751934204981828,-0.00536430681068767,-0.337124122561916
393,51.5092991832029,-0.160899048295496,1.11490568057135,0.0155462982414248,-0.385337343769979
393.5,51.5093042504246,-0.160898979279298,1.38468365186622,-0.0141202378888196,-0.642369312918683
394,51.5093099977976,-0.16089910821674,1.3430057399158,-0.0407912945608105,-0.567127836529563
394.5,51.5093160187075,-0.160899642024445,1.1197703089182,0.00312752396891812,-0.639032357246579
395,51.5093209079719,-0.16089971023863,1.47567329315285,-0.0178522651418541,-0.867543544281511
395.5,51.5093268032456,-0.160899497619216,1.31817171458227,-0.0784291320206593,-0.969877430809075
396,51.5093323643251,-0.160899548721197,1.31680222342286,-0.127384961774437,-1.17525102226867
396.5,51.5093380036239,-0.160899923025893,1.26679460363743,-0.0354218509733347,-1.21522198779088
397,51.5093433591857,-0.160900213599299,1.37008563891023,-0.0271271978000783,-1.51059126087928
397.5,51.5093490830045,-0.160900512959898,1.2603169096033,0.00294703709028923,-1.05459078896229
398,51.5093546183284,-0.160900641148155,1.28442134286102,-0.0111159965493161,-0.73378991041628
398.5,51.5093602970874,-0.160900651147864,1.26592227866281,-0.037835564656426,-0.213763078123785
399,51.5093658990962,-0.160900832909701,1.32623200499138,-0.0579437188458749,-0.162564172720335
399.5,51.5093715133895,-0.160901038296459,1.31512397427987,-0.0130937073687757,0.395829671016565
400,51.5093769866334,-0.160900976022844,1.37065222803361,0.0224314169716832,0.641483701899564
400.5,51.5093828586928,-0.16090096111986,1.24432523877893,0.00224278008866444,0.240225750031298
401,51.5093881738422,-0.160901072154875,1.3281856201641,0.0736869315609475,0.0231393795869825
401.5,51.5093939429256,-0.160900704365276,1.24827320061994,-0.0465974691034542,-0.387230577334671
402,51.5093996441247,-0.160901073222698,1.18760770358877,0.0277136682276193,-0.866166433070877
402.5,51.5094047467963,-0.160901328073225,1.4310101527291,0.0250956282547847,-1.52330112685293
403,51.5094109182649,-0.160901427774744,1.12461045732707,-0.0546332724275895,-2.01159201374228
403.5,51.5094156787011,-0.160902093188207,1.56957305268518,0.0300250419469041,-1.72546602367032
404,51.509422156225,-0.160902154855021,1.1001075710409,-0.0773553856332662,-1.64006277301275
404.5,51.5094271642643,-0.160902501914352,1.44302814458484,-0.0499218439840001,-1.52172130359454
405,51.5094331265081,-0.160902769650964,1.16951474958467,0.0232811751786013,-0.963108911997533
405.5,51.5094384828248,-0.160902842193979,1.29269478567695,0.00535463157057556,-0.66263359594857
406,51.5094441186218,-0.160902978808334,1.25455903231665,0.0629845073407284,0.0151952318434121
406.5,51.5094495878627,-0.160902788625794,1.31265383953804,-0.000107227723030633,0.0741515270293204
407,51.5094551736832,-0.160902577359978,1.28489940270949,-0.0820839783788891,0.201606217484836
407.5,51.5094610419845,-0.160902939295445,1.13644735110386,0.0206038400584548,0.278397149819282
408,51.5094662369196,-0.160902869463328,1.41035633286944,-0.00126021852007596,0.236327400837812
408.5,51.509472490713,-0.160902754752884,1.1016755852116,0.00950110687897029,0.206227316516941
409,51.5094774848074,-0.160902668451556,1.3676677668938,-0.00162048694795069,0.469200232341673
409.5,51.5094835631856,-0.160902330503779,1.14680823512141,-0.0638373642302683,0.198205513653481
410,51.5094889712396,-0.160902466328533,1.23611696087566,-0.0101338882889588,0.405311083723995
410.5,51.5094944123512,-0.160902459793463,1.2915009706366,0.0381495280494179,0.443816615528454
411,51.5095000802957,-0.16090247841435,1.26497282506601,0.102273328687823,1.26309038507199
411.5,51.5095057736398,-0.160901905720111,1.19930973542637,-0.0270217462891524,0.871525688719717
412,51.5095111817118,-0.160901688187821,1.3137867967998,-0.0719039525578296,0.625834950797336
412.5,51.5095169121303,-0.160901747878465,1.25017616689515,0.000773613352234435,0.543216562537101
413,51.5095222908682,-0.160901748303124,1.34194955855298,0.0726888943396798,0.127037094275305
413.5,51.5095281595611,-0.160901552339481,1.20878127412783,0.0216431966378629,-0.160003742793881
414,51.5095333178402,-0.160901423153288,1.43489817536233,-0.00282797245766809,-0.611586247721264
414.5,51.5095395534834,-0.160901490913258,1.07307392132942,-0.0131988703117016,-0.668068213569841
415,51.5095445126524,-0.160901722883565,1.37586097365265,0.0216468992604831,-0.234288365803784
415.5,51.5095503843132,-0.160901926868197,1.16265556941161,0.0507164438444062,-0.464283681896832
416,51.509555656967,-0.160901964456817,1.36137259975323,-0.00845810672559834,-0.642663891613525
416.5,51.509561507269,-0.160901838373538,1.17030752927171,-0.0274907260397196,-0.640957542011359
417,51.5095668388293,-0.160902073927829,1.30326928401095,-0.0029600029893467,-0.831170486371278
417.5,51.509572577571,-0.16090232096222,1.1926972133116,-0.0303572804666618,-1.26241461817925
418,51.5095778342295,-0.16090223050573,1.38092577676889,-0.124001465008609,-1.2489031226455
418.5,51.5095839896679,-0.160902848146279,1.08193902736,0.0372946694626696,-0.99614912430007
419,51.5095890608479,-0.160902569589573,1.343450242143,-0.0636578172917705,-0.665646066388832
419.5,51.509594919072,-0.160902589310244,1.1608086462502,-0.0470509189347494,-0.614441479714747
420,51.5096002000622,-0.16090299161085,1.30810554589507,0.0545631295057316,-0.105853650929339
420.5,51.5096058633365,-0.160902786237079,1.22066847573938,0.00490224485054147,-0.0407300735153954
421,51.5096112690337,-0.160902634982174,1.34738338842992,-0.00157891902665627,0.100442411664933
421.5,51.5096172252324,-0.160902238850543,1.13729917405123,-0.0859714966546563,-0.131856124582919
422,51.5096226918663,-0.160902449707326,1.21960034796402,-0.0177172798727598,-0.619563656224267
422.5,51.5096273317937,-0.16090254716805,1.19474776644752,0.00609534330090637,-0.515767413009225
423,51.5096315949273,-0.160902598555903,0.816431729543173,-0.0238531788761892,-0.443086219565239
423.5,51.5096341318319,-0.160902908323714,0.767653872870297,0.035579334800149,-0.816965832395155
424,51.5096365336939,-0.160902750227553,0.304583748950592,-0.0262382761715529,-1.33664095265388
424.5,51.5096374655002,-0.160902916946195,0.220527581486876,0.000979340997066324,-1.23815107337134
425,51.5096383143899,-0.160903062492309,-0.156904596692295,0.0119392694523852,-0.772698601923401
